code,name,start_date,end_date,status,rows,reason
301313,凡拓数创,2021-01-01,2024-12-31,updated,545,
301314,科瑞思,2021-01-01,2024-12-31,updated,429,
301315,威士顿,2021-01-01,2024-12-31,updated,372,
301316,慧博云通,2021-01-01,2024-12-31,updated,541,
301317,鑫磊股份,2021-01-01,2024-12-31,updated,472,
301318,维海德,2021-01-01,2024-12-31,updated,581,
301319,唯特偶,2021-01-01,2024-12-31,updated,546,
301320,豪江智能,2021-01-01,2024-12-31,updated,380,
301321,翰博高新,2021-01-01,2024-12-31,updated,575,
301322,绿通科技,2021-01-01,2024-12-31,updated,445,
301323,新莱福,2021-01-01,2024-12-31,updated,383,
301325,曼恩斯特,2021-01-01,2024-12-31,updated,400,
301326,捷邦科技,2021-01-01,2024-12-31,updated,552,
301327,华宝新能,2021-01-01,2024-12-31,updated,554,
301328,维峰电子,2021-01-01,2024-12-31,updated,560,
301329,信音电子,2021-01-01,2024-12-31,updated,356,
301330,熵基科技,2021-01-01,2024-12-31,updated,576,
301331,恩威医药,2021-01-01,2024-12-31,updated,552,
301332,德尔玛,2021-01-01,2024-12-31,updated,396,
301333,诺思格,2021-01-01,2024-12-31,updated,587,
301335,天元宠物,2021-01-01,2024-12-31,updated,515,
301336,趣睡科技,2021-01-01,2024-12-31,updated,579,
301337,亚华电子,2021-01-01,2024-12-31,updated,390,
301338,凯格精机,2021-01-01,2024-12-31,updated,577,
301339,通行宝,2021-01-01,2024-12-31,updated,559,
301345,涛涛车业,2021-01-01,2024-12-31,updated,434,
301348,蓝箭电子,2021-01-01,2024-12-31,updated,338,
301349,信德新材,2021-01-01,2024-12-31,updated,559,
301353,普莱得,2021-01-01,2024-12-31,updated,388,
301355,南王科技,2021-01-01,2024-12-31,updated,379,
301356,天振股份,2021-01-01,2024-12-31,updated,519,
301357,北方长龙,2021-01-01,2024-12-31,updated,415,
301358,湖南裕能,2021-01-01,2024-12-31,updated,462,
301359,东南电子,2021-01-01,2024-12-31,updated,522,
301360,荣旗科技,2021-01-01,2024-12-31,updated,410,
301361,众智科技,2021-01-01,2024-12-31,updated,517,
301362,民爆光电,2021-01-01,2024-12-31,updated,342,
301363,美好医疗,2021-01-01,2024-12-31,updated,542,
301365,矩阵股份,2021-01-01,2024-12-31,updated,513,
301366,一博科技,2021-01-01,2024-12-31,updated,549,
301367,瑞迈特,2021-01-01,2024-12-31,updated,528,
301368,丰立智能,2021-01-01,2024-12-31,updated,496,
301369,联动科技,2021-01-01,2024-12-31,updated,551,
301370,国科恒泰,2021-01-01,2024-12-31,updated,359,
301371,敷尔佳,2021-01-01,2024-12-31,updated,345,
301372,科净源,2021-01-01,2024-12-31,updated,337,
301373,凌玮科技,2021-01-01,2024-12-31,updated,463,
301376,致欧科技,2021-01-01,2024-12-31,updated,372,
301377,鼎泰高科,2021-01-01,2024-12-31,updated,513,
301378,通达海,2021-01-01,2024-12-31,updated,435,
301379,天山电子,2021-01-01,2024-12-31,updated,528,
301380,挖金客,2021-01-01,2024-12-31,updated,533,
301381,赛维时代,2021-01-01,2024-12-31,updated,359,
301382,蜂助手,2021-01-01,2024-12-31,updated,397,
301383,天键股份,2021-01-01,2024-12-31,updated,380,
301386,未来电器,2021-01-01,2024-12-31,updated,428,
301387,光大同创,2021-01-01,2024-12-31,updated,415,
301388,欣灵电气,2021-01-01,2024-12-31,updated,522,
301389,隆扬电子,2021-01-01,2024-12-31,updated,529,
301390,经纬股份,2021-01-01,2024-12-31,updated,404,
301391,卡莱特,2021-01-01,2024-12-31,updated,506,
301392,汇成真空,2021-01-01,2024-12-31,updated,142,
301393,昊帆生物,2021-01-01,2024-12-31,updated,359,
301395,仁信新材,2021-01-01,2024-12-31,updated,366,
301396,宏景科技,2021-01-01,2024-12-31,updated,520,
301397,溯联股份,2021-01-01,2024-12-31,updated,369,
301398,星源卓镁,2021-01-01,2024-12-31,updated,496,
301399,英特科技,2021-01-01,2024-12-31,updated,393,
301408,华人健康,2021-01-01,2024-12-31,updated,448,
301413,安培龙,2021-01-01,2024-12-31,updated,252,
301418,协昌科技,2021-01-01,2024-12-31,updated,331,
301419,阿莱德,2021-01-01,2024-12-31,updated,462,
301421,波长光电,2021-01-01,2024-12-31,updated,329,
301428,世纪恒通,2021-01-01,2024-12-31,updated,395,
301429,森泰股份,2021-01-01,2024-12-31,updated,416,
301439,泓淋电力,2021-01-01,2024-12-31,updated,436,
301446,福事特,2021-01-01,2024-12-31,updated,350,
301448,开创电气,2021-01-01,2024-12-31,updated,374,
301449,天溯计量,2021-01-01,2024-12-31,empty,0,
301456,盘古智能,2021-01-01,2024-12-31,updated,357,
301458,钧崴电子,2021-01-01,2024-12-31,empty,0,
301459,丰茂股份,2021-01-01,2024-12-31,updated,255,
301468,博盈特焊,2021-01-01,2024-12-31,updated,351,
301469,恒达新材,2021-01-01,2024-12-31,updated,330,
301479,弘景光电,2021-01-01,2024-12-31,empty,0,
301486,致尚科技,2021-01-01,2024-12-31,updated,362,
301487,盟固利,2021-01-01,2024-12-31,updated,339,
301488,豪恩汽电,2021-01-01,2024-12-31,updated,365,
301489,思泉新材,2021-01-01,2024-12-31,updated,291,
301491,汉桑科技,2021-01-01,2024-12-31,empty,0,
301498,乖宝宠物,2021-01-01,2024-12-31,updated,334,
301499,维科精密,2021-01-01,2024-12-31,updated,352,
301500,飞南资源,2021-01-01,2024-12-31,updated,308,
301501,恒鑫生活,2021-01-01,2024-12-31,empty,0,
301502,华阳智能,2021-01-01,2024-12-31,updated,219,
301503,智迪科技,2021-01-01,2024-12-31,updated,356,
301505,苏州规划,2021-01-01,2024-12-31,updated,354,
301507,民生健康,2021-01-01,2024-12-31,updated,320,
301508,中机认检,2021-01-01,2024-12-31,updated,263,
301509,金凯生科,2021-01-01,2024-12-31,updated,343,
301510,固高科技,2021-01-01,2024-12-31,updated,335,
301511,德福科技,2021-01-01,2024-12-31,updated,333,
301512,智信精密,2021-01-01,2024-12-31,updated,353,
301513,尚水智能,2021-01-01,2024-12-31,empty,0,
301515,港通医疗,2021-01-01,2024-12-31,updated,350,
301516,中远通,2021-01-01,2024-12-31,updated,258,
301517,陕西华达,2021-01-01,2024-12-31,updated,296,
301518,长华化学,2021-01-01,2024-12-31,updated,343,
301519,舜禹股份,2021-01-01,2024-12-31,updated,348,
301520,万邦医药,2021-01-01,2024-12-31,updated,306,
301522,上大股份,2021-01-01,2024-12-31,updated,55,
301525,儒竞科技,2021-01-01,2024-12-31,updated,324,
301526,国际复材,2021-01-01,2024-12-31,updated,246,
301528,多浦乐,2021-01-01,2024-12-31,updated,326,
301529,福赛科技,2021-01-01,2024-12-31,updated,316,
301531,春光集团,2021-01-01,2024-12-31,empty,0,
301533,威马农机,2021-01-01,2024-12-31,updated,332,
301535,浙江华远,2021-01-01,2024-12-31,empty,0,
301536,星宸科技,2021-01-01,2024-12-31,updated,186,
301538,骏鼎达,2021-01-01,2024-12-31,updated,192,
301539,宏鑫科技,2021-01-01,2024-12-31,updated,176,
301548,崇德科技,2021-01-01,2024-12-31,updated,309,
301550,斯菱智驱,2021-01-01,2024-12-31,updated,312,
301551,无线传媒,2021-01-01,2024-12-31,updated,64,
301552,科力装备,2021-01-01,2024-12-31,updated,110,
301555,惠柏新材,2021-01-01,2024-12-31,updated,286,
301556,托普云农,2021-01-01,2024-12-31,updated,54,
301557,常友科技,2021-01-01,2024-12-31,empty,0,
301558,三态股份,2021-01-01,2024-12-31,updated,303,
301559,中集环科,2021-01-01,2024-12-31,updated,300,
301560,众捷汽车,2021-01-01,2024-12-31,empty,0,
301563,云汉芯城,2021-01-01,2024-12-31,empty,0,
301565,中仑新材,2021-01-01,2024-12-31,updated,132,
301566,达利凯普,2021-01-01,2024-12-31,updated,243,
301567,贝隆精密,2021-01-01,2024-12-31,updated,232,
301568,思泰克,2021-01-01,2024-12-31,updated,266,
301571,国科天成,2021-01-01,2024-12-31,updated,88,
301575,艾芬达,2021-01-01,2024-12-31,empty,0,
301577,美信科技,2021-01-01,2024-12-31,updated,226,
301578,辰奕智能,2021-01-01,2024-12-31,updated,244,
301580,爱迪特,2021-01-01,2024-12-31,updated,128,
301581,黄山谷捷,2021-01-01,2024-12-31,empty,0,
301584,建发致新,2021-01-01,2024-12-31,empty,0,
301585,蓝宇股份,2021-01-01,2024-12-31,updated,8,
301586,佳力奇,2021-01-01,2024-12-31,updated,83,
301587,中瑞股份,2021-01-01,2024-12-31,updated,181,
301588,美新科技,2021-01-01,2024-12-31,updated,197,
301589,诺瓦星云,2021-01-01,2024-12-31,updated,215,
301590,优优绿能,2021-01-01,2024-12-31,empty,0,
301591,肯特股份,2021-01-01,2024-12-31,updated,207,
301592,六九一二,2021-01-01,2024-12-31,updated,49,
301595,太力科技,2021-01-01,2024-12-31,empty,0,
301596,瑞迪智驱,2021-01-01,2024-12-31,updated,159,
301598,博科测试,2021-01-01,2024-12-31,updated,8,
301599,理奇智能,2021-01-01,2024-12-31,empty,0,
301600,慧翰股份,2021-01-01,2024-12-31,updated,73,
301601,惠通科技,2021-01-01,2024-12-31,empty,0,
301602,超研股份,2021-01-01,2024-12-31,empty,0,
301603,乔锋智能,2021-01-01,2024-12-31,updated,118,
301606,绿联科技,2021-01-01,2024-12-31,updated,106,
301607,富特科技,2021-01-01,2024-12-31,updated,78,
301608,博实结,2021-01-01,2024-12-31,updated,102,
301609,山大电力,2021-01-01,2024-12-31,empty,0,
301611,珂玛科技,2021-01-01,2024-12-31,updated,91,
301613,新铝时代,2021-01-01,2024-12-31,updated,48,
301616,浙江华业,2021-01-01,2024-12-31,empty,0,
301617,博苑新材,2021-01-01,2024-12-31,updated,15,
301618,长联科技,2021-01-01,2024-12-31,updated,62,
301622,英思特,2021-01-01,2024-12-31,updated,20,
301626,苏州天脉,2021-01-01,2024-12-31,updated,49,
301628,强达电路,2021-01-01,2024-12-31,updated,44,
301629,矽电股份,2021-01-01,2024-12-31,empty,0,
301630,同宇新材,2021-01-01,2024-12-31,empty,0,
301631,壹连科技,2021-01-01,2024-12-31,updated,28,
301632,广东建科,2021-01-01,2024-12-31,empty,0,
301633,港迪技术,2021-01-01,2024-12-31,updated,39,
301636,泽润新能,2021-01-01,2024-12-31,empty,0,
301638,南网数字,2021-01-01,2024-12-31,empty,0,
301656,联合动力,2021-01-01,2024-12-31,empty,0,
301658,首航新能,2021-01-01,2024-12-31,empty,0,
301662,宏工科技,2021-01-01,2024-12-31,empty,0,
301665,泰禾股份,2021-01-01,2024-12-31,empty,0,
301666,大普微,2021-01-01,2024-12-31,empty,0,
301667,纳百川,2021-01-01,2024-12-31,empty,0,
301668,昊创瑞通,2021-01-01,2024-12-31,empty,0,
301678,新恒汇,2021-01-01,2024-12-31,empty,0,
301680,固德电材,2021-01-01,2024-12-31,empty,0,
301682,宏明电子,2021-01-01,2024-12-31,empty,0,
301683,慧谷新材,2021-01-01,2024-12-31,empty,0,
301687,新广益,2021-01-01,2024-12-31,empty,0,
301696,三瑞智能,2021-01-01,2024-12-31,empty,0,
302132,中航成飞,2021-01-01,2024-12-31,updated,969,
600000,浦发银行,2021-01-01,2024-12-31,updated,969,
600004,白云机场,2021-01-01,2024-12-31,updated,969,
600006,东风股份,2021-01-01,2024-12-31,updated,969,
600007,中国国贸,2021-01-01,2024-12-31,updated,969,
600008,首创环保,2021-01-01,2024-12-31,updated,969,
600009,上海机场,2021-01-01,2024-12-31,updated,969,
600010,包钢股份,2021-01-01,2024-12-31,updated,969,
600011,华能国际,2021-01-01,2024-12-31,updated,969,
600012,皖通高速,2021-01-01,2024-12-31,updated,969,
600015,华夏银行,2021-01-01,2024-12-31,updated,969,
600016,民生银行,2021-01-01,2024-12-31,updated,969,
600017,日照港,2021-01-01,2024-12-31,updated,969,
600018,上港集团,2021-01-01,2024-12-31,updated,969,
600019,宝钢股份,2021-01-01,2024-12-31,updated,969,
600020,中原高速,2021-01-01,2024-12-31,updated,969,
600021,上海电力,2021-01-01,2024-12-31,updated,969,
600022,山东钢铁,2021-01-01,2024-12-31,updated,969,
600023,浙能电力,2021-01-01,2024-12-31,updated,969,
600025,华能水电,2021-01-01,2024-12-31,updated,969,
600026,中远海能,2021-01-01,2024-12-31,updated,969,
600027,华电国际,2021-01-01,2024-12-31,updated,969,
600028,中国石化,2021-01-01,2024-12-31,updated,969,
600029,南方航空,2021-01-01,2024-12-31,updated,969,
600030,中信证券,2021-01-01,2024-12-31,updated,969,
600031,三一重工,2021-01-01,2024-12-31,updated,969,
600032,浙江新能,2021-01-01,2024-12-31,updated,877,
600033,福建高速,2021-01-01,2024-12-31,updated,969,
600035,楚天高速,2021-01-01,2024-12-31,updated,969,
600036,招商银行,2021-01-01,2024-12-31,updated,969,
600037,歌华有线,2021-01-01,2024-12-31,updated,969,
600038,中直股份,2021-01-01,2024-12-31,updated,969,
600039,四川路桥,2021-01-01,2024-12-31,updated,969,
600048,保利发展,2021-01-01,2024-12-31,updated,969,
600050,中国联通,2021-01-01,2024-12-31,updated,969,
600051,宁波联合,2021-01-01,2024-12-31,updated,969,
600052,东望时代,2021-01-01,2024-12-31,updated,969,
600053,*ST九鼎,2021-01-01,2024-12-31,updated,969,
600054,黄山旅游,2021-01-01,2024-12-31,updated,969,
600055,万东医疗,2021-01-01,2024-12-31,updated,969,
600056,中国医药,2021-01-01,2024-12-31,updated,969,
600057,厦门象屿,2021-01-01,2024-12-31,updated,969,
600058,五矿发展,2021-01-01,2024-12-31,updated,969,
600059,古越龙山,2021-01-01,2024-12-31,updated,969,
600060,海信视像,2021-01-01,2024-12-31,updated,969,
600061,国投资本,2021-01-01,2024-12-31,updated,969,
600062,华润双鹤,2021-01-01,2024-12-31,updated,969,
600063,皖维高新,2021-01-01,2024-12-31,updated,969,
600064,南京高科,2021-01-01,2024-12-31,updated,969,
600066,宇通客车,2021-01-01,2024-12-31,updated,969,
600067,冠城新材,2021-01-01,2024-12-31,updated,969,
600071,凤凰光学,2021-01-01,2024-12-31,updated,969,
600072,中船科技,2021-01-01,2024-12-31,updated,969,
600073,光明肉业,2021-01-01,2024-12-31,updated,969,
600075,新疆天业,2021-01-01,2024-12-31,updated,969,
600076,康欣新材,2021-01-01,2024-12-31,updated,969,
600078,澄星股份,2021-01-01,2024-12-31,updated,969,
600079,ST人福,2021-01-01,2024-12-31,updated,969,
600080,ST金花,2021-01-01,2024-12-31,updated,969,
600081,东风科技,2021-01-01,2024-12-31,updated,969,
600082,ST海泰,2021-01-01,2024-12-31,updated,969,
600084,*ST尼雅,2021-01-01,2024-12-31,updated,969,
600085,同仁堂,2021-01-01,2024-12-31,updated,969,
600088,中视传媒,2021-01-01,2024-12-31,updated,969,
600089,特变电工,2021-01-01,2024-12-31,updated,969,
600094,大名城,2021-01-01,2024-12-31,updated,969,
600095,湘财股份,2021-01-01,2024-12-31,updated,969,
600096,云天化,2021-01-01,2024-12-31,updated,969,
600097,开创国际,2021-01-01,2024-12-31,updated,969,
600098,广州发展,2021-01-01,2024-12-31,updated,969,
600099,林海股份,2021-01-01,2024-12-31,updated,969,
600100,同方股份,2021-01-01,2024-12-31,updated,969,
600101,明星电力,2021-01-01,2024-12-31,updated,969,
600103,青山纸业,2021-01-01,2024-12-31,updated,969,
600104,上汽集团,2021-01-01,2024-12-31,updated,969,
600105,永鼎股份,2021-01-01,2024-12-31,updated,969,
600106,重庆路桥,2021-01-01,2024-12-31,updated,969,
600107,*ST尔雅,2021-01-01,2024-12-31,updated,969,
600108,亚盛集团,2021-01-01,2024-12-31,updated,969,
600109,国金证券,2021-01-01,2024-12-31,updated,969,
600110,诺德股份,2021-01-01,2024-12-31,updated,969,
600111,北方稀土,2021-01-01,2024-12-31,updated,969,
600113,浙江东日,2021-01-01,2024-12-31,updated,969,
600114,东睦股份,2021-01-01,2024-12-31,updated,969,
600115,中国东航,2021-01-01,2024-12-31,updated,969,
600116,三峡水利,2021-01-01,2024-12-31,updated,969,
600117,西宁特钢,2021-01-01,2024-12-31,updated,969,
600118,中国卫星,2021-01-01,2024-12-31,updated,969,
600119,*ST长投,2021-01-01,2024-12-31,updated,969,
600120,浙江东方,2021-01-01,2024-12-31,updated,969,
600121,郑州煤电,2021-01-01,2024-12-31,updated,969,
600123,兰花科创,2021-01-01,2024-12-31,updated,969,
600125,铁龙物流,2021-01-01,2024-12-31,updated,969,
600126,杭钢股份,2021-01-01,2024-12-31,updated,969,
600127,金健米业,2021-01-01,2024-12-31,updated,969,
600128,苏豪弘业,2021-01-01,2024-12-31,updated,969,
600129,太极集团,2021-01-01,2024-12-31,updated,969,
600130,波导股份,2021-01-01,2024-12-31,updated,969,
600131,国网信通,2021-01-01,2024-12-31,updated,969,
600132,重庆啤酒,2021-01-01,2024-12-31,updated,969,
600133,东湖高新,2021-01-01,2024-12-31,updated,969,
600135,乐凯胶片,2021-01-01,2024-12-31,updated,969,
600136,ST明诚,2021-01-01,2024-12-31,updated,969,
600137,浪莎股份,2021-01-01,2024-12-31,updated,969,
600138,中青旅,2021-01-01,2024-12-31,updated,969,
600141,兴发集团,2021-01-01,2024-12-31,updated,969,
600143,金发科技,2021-01-01,2024-12-31,updated,969,
600148,长春一东,2021-01-01,2024-12-31,updated,969,
600149,廊坊发展,2021-01-01,2024-12-31,updated,969,
600150,中国船舶,2021-01-01,2024-12-31,updated,969,
600151,航天机电,2021-01-01,2024-12-31,updated,969,
600152,维科技术,2021-01-01,2024-12-31,updated,969,
600153,建发股份,2021-01-01,2024-12-31,updated,969,
600155,华创云信,2021-01-01,2024-12-31,updated,969,
600156,华升股份,2021-01-01,2024-12-31,updated,969,
600157,永泰能源,2021-01-01,2024-12-31,updated,969,
600158,中体产业,2021-01-01,2024-12-31,updated,969,
600159,大龙地产,2021-01-01,2024-12-31,updated,969,
600160,巨化股份,2021-01-01,2024-12-31,updated,969,
600161,天坛生物,2021-01-01,2024-12-31,updated,969,
600162,香江控股,2021-01-01,2024-12-31,updated,969,
600163,中闽能源,2021-01-01,2024-12-31,updated,969,
600165,ST宁科,2021-01-01,2024-12-31,updated,969,
600166,福田汽车,2021-01-01,2024-12-31,updated,969,
600167,联美控股,2021-01-01,2024-12-31,updated,969,
600168,武汉控股,2021-01-01,2024-12-31,updated,969,
600169,ST太重,2021-01-01,2024-12-31,updated,969,
600170,上海建工,2021-01-01,2024-12-31,updated,969,
600171,上海贝岭,2021-01-01,2024-12-31,updated,969,
600172,黄河旋风,2021-01-01,2024-12-31,updated,969,
600173,卧龙新能,2021-01-01,2024-12-31,updated,969,
600176,中国巨石,2021-01-01,2024-12-31,updated,969,
600177,雅戈尔,2021-01-01,2024-12-31,updated,969,
600178,东安动力,2021-01-01,2024-12-31,updated,969,
600179,安通控股,2021-01-01,2024-12-31,updated,969,
600180,*ST瑞茂,2021-01-01,2024-12-31,updated,969,
600182,S佳通,2021-01-01,2024-12-31,updated,969,
600183,生益科技,2021-01-01,2024-12-31,updated,969,
600184,光电股份,2021-01-01,2024-12-31,updated,969,
600185,珠免集团,2021-01-01,2024-12-31,updated,969,
600186,莲花控股,2021-01-01,2024-12-31,updated,969,
600187,*ST国中,2021-01-01,2024-12-31,updated,969,
600188,兖矿能源,2021-01-01,2024-12-31,updated,969,
600189,泉阳泉,2021-01-01,2024-12-31,updated,969,
600191,华资实业,2021-01-01,2024-12-31,updated,969,
600192,长城电工,2021-01-01,2024-12-31,updated,969,
600193,*ST创兴,2021-01-01,2024-12-31,updated,969,
600195,中牧股份,2021-01-01,2024-12-31,updated,969,
600196,复星医药,2021-01-01,2024-12-31,updated,969,
600197,伊力特,2021-01-01,2024-12-31,updated,969,
600198,大唐电信,2021-01-01,2024-12-31,updated,969,
600199,金种子酒,2021-01-01,2024-12-31,updated,969,
600201,生物股份,2021-01-01,2024-12-31,updated,969,
600202,哈空调,2021-01-01,2024-12-31,updated,969,
600203,福日电子,2021-01-01,2024-12-31,updated,969,
600206,有研新材,2021-01-01,2024-12-31,updated,969,
600207,安彩高科,2021-01-01,2024-12-31,updated,969,
600208,衢州发展,2021-01-01,2024-12-31,updated,969,
600210,紫江企业,2021-01-01,2024-12-31,updated,969,
600211,西藏药业,2021-01-01,2024-12-31,updated,969,
600212,绿能慧充,2021-01-01,2024-12-31,updated,969,
600215,派斯林,2021-01-01,2024-12-31,updated,969,
600216,浙江医药,2021-01-01,2024-12-31,updated,969,
600217,中再资环,2021-01-01,2024-12-31,updated,969,
600218,全柴动力,2021-01-01,2024-12-31,updated,969,
600219,南山铝业,2021-01-01,2024-12-31,updated,969,
600221,海航控股,2021-01-01,2024-12-31,updated,969,
600222,太龙药业,2021-01-01,2024-12-31,updated,969,
600223,福瑞达,2021-01-01,2024-12-31,updated,969,
600226,亨通股份,2021-01-01,2024-12-31,updated,969,
600227,赤天化,2021-01-01,2024-12-31,updated,969,
600228,*ST返利,2021-01-01,2024-12-31,updated,969,
600229,城市传媒,2021-01-01,2024-12-31,updated,969,
600230,沧州大化,2021-01-01,2024-12-31,updated,969,
600231,凌钢股份,2021-01-01,2024-12-31,updated,969,
600232,金鹰股份,2021-01-01,2024-12-31,updated,969,
600233,圆通速递,2021-01-01,2024-12-31,updated,969,
600234,科新发展,2021-01-01,2024-12-31,updated,969,
600235,民丰特纸,2021-01-01,2024-12-31,updated,969,
600236,桂冠电力,2021-01-01,2024-12-31,updated,969,
600237,铜峰电子,2021-01-01,2024-12-31,updated,969,
600238,*ST椰岛,2021-01-01,2024-12-31,updated,969,
600239,ST云城,2021-01-01,2024-12-31,updated,969,
600241,时代万恒,2021-01-01,2024-12-31,updated,969,
600243,*ST海华,2021-01-01,2024-12-31,updated,969,
600246,万通发展,2021-01-01,2024-12-31,updated,969,
600248,陕建股份,2021-01-01,2024-12-31,updated,969,
600249,两面针,2021-01-01,2024-12-31,updated,969,
600250,南京商旅,2021-01-01,2024-12-31,updated,969,
600251,冠农股份,2021-01-01,2024-12-31,updated,969,
600252,中恒集团,2021-01-01,2024-12-31,updated,969,
600255,鑫科材料,2021-01-01,2024-12-31,updated,969,
600256,广汇能源,2021-01-01,2024-12-31,updated,969,
600257,大湖股份,2021-01-01,2024-12-31,updated,969,
600258,首旅酒店,2021-01-01,2024-12-31,updated,969,
600259,中稀有色,2021-01-01,2024-12-31,updated,969,
600261,阳光照明,2021-01-01,2024-12-31,updated,969,
600262,北方股份,2021-01-01,2024-12-31,updated,969,
600265,*ST景谷,2021-01-01,2024-12-31,updated,969,
600266,城建发展,2021-01-01,2024-12-31,updated,969,
600267,海正药业,2021-01-01,2024-12-31,updated,969,
600268,国电南自,2021-01-01,2024-12-31,updated,969,
600269,赣粤高速,2021-01-01,2024-12-31,updated,969,
600271,航天信息,2021-01-01,2024-12-31,updated,969,
600272,开开实业,2021-01-01,2024-12-31,updated,969,
600273,嘉化能源,2021-01-01,2024-12-31,updated,969,
600276,恒瑞医药,2021-01-01,2024-12-31,updated,969,
600278,东方创业,2021-01-01,2024-12-31,updated,969,
600279,重庆港,2021-01-01,2024-12-31,updated,969,
600280,中央商场,2021-01-01,2024-12-31,updated,969,
600281,华阳新材,2021-01-01,2024-12-31,updated,969,
600282,南钢股份,2021-01-01,2024-12-31,updated,969,
600283,钱江水利,2021-01-01,2024-12-31,updated,969,
600284,浦东建设,2021-01-01,2024-12-31,updated,969,
600285,羚锐制药,2021-01-01,2024-12-31,updated,969,
600287,苏豪时尚,2021-01-01,2024-12-31,updated,969,
600288,大恒科技,2021-01-01,2024-12-31,updated,969,
600289,ST信通,2021-01-01,2024-12-31,updated,969,
600292,电投水电,2021-01-01,2024-12-31,updated,969,
600293,三峡新材,2021-01-01,2024-12-31,updated,969,
600295,鄂尔多斯,2021-01-01,2024-12-31,updated,969,
600298,安琪酵母,2021-01-01,2024-12-31,updated,969,
600299,安迪苏,2021-01-01,2024-12-31,updated,969,
600300,维维股份,2021-01-01,2024-12-31,updated,969,
600301,华锡有色,2021-01-01,2024-12-31,updated,969,
600302,ST标准,2021-01-01,2024-12-31,updated,969,
600303,曙光股份,2021-01-01,2024-12-31,updated,969,
600305,恒顺醋业,2021-01-01,2024-12-31,updated,969,
600307,酒钢宏兴,2021-01-01,2024-12-31,updated,969,
600308,华泰股份,2021-01-01,2024-12-31,updated,969,
600309,万华化学,2021-01-01,2024-12-31,updated,969,
600310,广西能源,2021-01-01,2024-12-31,updated,969,
600312,平高电气,2021-01-01,2024-12-31,updated,969,
600313,农发种业,2021-01-01,2024-12-31,updated,969,
600315,上海家化,2021-01-01,2024-12-31,updated,969,
600316,洪都航空,2021-01-01,2024-12-31,updated,969,
600318,新力金融,2021-01-01,2024-12-31,updated,969,
600319,亚星化学,2021-01-01,2024-12-31,updated,969,
600320,振华重工,2021-01-01,2024-12-31,updated,969,
600322,津投城开,2021-01-01,2024-12-31,updated,969,
600323,瀚蓝环境,2021-01-01,2024-12-31,updated,969,
600325,华发股份,2021-01-01,2024-12-31,updated,969,
600326,西藏天路,2021-01-01,2024-12-31,updated,969,
600327,大东方,2021-01-01,2024-12-31,updated,969,
600328,中盐化工,2021-01-01,2024-12-31,updated,969,
600329,达仁堂,2021-01-01,2024-12-31,updated,969,
600330,天通股份,2021-01-01,2024-12-31,updated,969,
600331,宏达股份,2021-01-01,2024-12-31,updated,969,
600332,白云山,2021-01-01,2024-12-31,updated,969,
600333,长春燃气,2021-01-01,2024-12-31,updated,969,
600335,国机汽车,2021-01-01,2024-12-31,updated,969,
600336,澳柯玛,2021-01-01,2024-12-31,updated,969,
600337,ST美克,2021-01-01,2024-12-31,updated,969,
600338,西藏珠峰,2021-01-01,2024-12-31,updated,969,
600339,中油工程,2021-01-01,2024-12-31,updated,969,
600340,*ST华幸,2021-01-01,2024-12-31,updated,969,
600343,航天动力,2021-01-01,2024-12-31,updated,969,
600345,长江通信,2021-01-01,2024-12-31,updated,969,
600346,恒力石化,2021-01-01,2024-12-31,updated,969,
600348,华阳股份,2021-01-01,2024-12-31,updated,969,
600350,山东高速,2021-01-01,2024-12-31,updated,969,
600351,亚宝药业,2021-01-01,2024-12-31,updated,969,
600352,浙江龙盛,2021-01-01,2024-12-31,updated,969,
600353,旭光电子,2021-01-01,2024-12-31,updated,969,
600354,敦煌种业,2021-01-01,2024-12-31,updated,969,
600356,恒丰纸业,2021-01-01,2024-12-31,updated,969,
600358,国旅联合,2021-01-01,2024-12-31,updated,969,
600359,新农开发,2021-01-01,2024-12-31,updated,969,
600360,华微电子,2021-01-01,2024-12-31,updated,969,
600361,创新新材,2021-01-01,2024-12-31,updated,969,
600362,江西铜业,2021-01-01,2024-12-31,updated,969,
600363,联创光电,2021-01-01,2024-12-31,updated,969,
600365,ST通葡,2021-01-01,2024-12-31,updated,969,
600366,宁波韵升,2021-01-01,2024-12-31,updated,969,
600367,红星发展,2021-01-01,2024-12-31,updated,969,
600368,五洲交通,2021-01-01,2024-12-31,updated,969,
600369,西南证券,2021-01-01,2024-12-31,updated,969,
600370,*ST三房,2021-01-01,2024-12-31,updated,969,
600371,万向德农,2021-01-01,2024-12-31,updated,969,
600372,中航机载,2021-01-01,2024-12-31,updated,969,
600373,中文传媒,2021-01-01,2024-12-31,updated,969,
600375,汉马科技,2021-01-01,2024-12-31,updated,969,
600376,首开股份,2021-01-01,2024-12-31,updated,969,
600377,宁沪高速,2021-01-01,2024-12-31,updated,969,
600378,昊华科技,2021-01-01,2024-12-31,updated,969,
600379,宝光股份,2021-01-01,2024-12-31,updated,969,
600380,健康元,2021-01-01,2024-12-31,updated,969,
600381,*ST春天,2021-01-01,2024-12-31,updated,969,
600382,广东明珠,2021-01-01,2024-12-31,updated,969,
600383,金地集团,2021-01-01,2024-12-31,updated,969,
600386,北巴传媒,2021-01-01,2024-12-31,updated,969,
600388,龙净环保,2021-01-01,2024-12-31,updated,969,
600389,江山股份,2021-01-01,2024-12-31,updated,969,
600390,五矿资本,2021-01-01,2024-12-31,updated,969,
600391,航发科技,2021-01-01,2024-12-31,updated,969,
600392,盛和资源,2021-01-01,2024-12-31,updated,969,
600395,盘江股份,2021-01-01,2024-12-31,updated,969,
600396,华电辽能,2021-01-01,2024-12-31,updated,969,
600397,江钨装备,2021-01-01,2024-12-31,updated,969,
600398,海澜之家,2021-01-01,2024-12-31,updated,969,
600399,抚顺特钢,2021-01-01,2024-12-31,updated,969,
600400,红豆股份,2021-01-01,2024-12-31,updated,969,
600403,大有能源,2021-01-01,2024-12-31,updated,969,
600405,动力源,2021-01-01,2024-12-31,updated,969,
600406,国电南瑞,2021-01-01,2024-12-31,updated,969,
600408,安泰集团,2021-01-01,2024-12-31,updated,969,
600409,三友化工,2021-01-01,2024-12-31,updated,969,
600410,华胜天成,2021-01-01,2024-12-31,updated,969,
600415,小商品城,2021-01-01,2024-12-31,updated,969,
600416,湘电股份,2021-01-01,2024-12-31,updated,969,
600418,江淮汽车,2021-01-01,2024-12-31,updated,969,
600419,天润乳业,2021-01-01,2024-12-31,updated,969,
600420,国药现代,2021-01-01,2024-12-31,updated,969,
600421,退市华嵘,2021-01-01,2024-12-31,updated,969,
600422,昆药集团,2021-01-01,2024-12-31,updated,969,
600423,*ST柳化,2021-01-01,2024-12-31,updated,969,
600425,青松建化,2021-01-01,2024-12-31,updated,969,
600426,华鲁恒升,2021-01-01,2024-12-31,updated,969,
600428,中远海特,2021-01-01,2024-12-31,updated,969,
600429,三元股份,2021-01-01,2024-12-31,updated,969,
600433,冠豪高新,2021-01-01,2024-12-31,updated,969,
600435,北方导航,2021-01-01,2024-12-31,updated,969,
600436,片仔癀,2021-01-01,2024-12-31,updated,969,
600438,通威股份,2021-01-01,2024-12-31,updated,969,
600439,瑞贝卡,2021-01-01,2024-12-31,updated,969,
600444,国机通用,2021-01-01,2024-12-31,updated,969,
600446,金证股份,2021-01-01,2024-12-31,failed,0,"RuntimeError: query_history_k_data_plus failed: code=sh.600446, error=10001001, msg=用户未登录"
600448,华纺股份,2021-01-01,2024-12-31,failed,0,"RuntimeError: query_history_k_data_plus failed: code=sh.600448, error=10001001, msg=用户未登录"
600449,宁夏建材,2021-01-01,2024-12-31,failed,0,"RuntimeError: query_history_k_data_plus failed: code=sh.600449, error=10001001, msg=用户未登录"
600452,涪陵电力,2021-01-01,2024-12-31,failed,0,"RuntimeError: query_history_k_data_plus failed: code=sh.600452, error=10001001, msg=用户未登录"
600455,博通股份,2021-01-01,2024-12-31,failed,0,"RuntimeError: query_history_k_data_plus failed: code=sh.600455, error=10001001, msg=用户未登录"
600456,宝钛股份,2021-01-01,2024-12-31,failed,0,"RuntimeError: query_history_k_data_plus failed: code=sh.600456, error=10001001, msg=用户未登录"
600458,时代新材,2021-01-01,2024-12-31,failed,0,"RuntimeError: query_history_k_data_plus failed: code=sh.600458, error=10001001, msg=用户未登录"
600459,贵研铂业,2021-01-01,2024-12-31,failed,0,"RuntimeError: query_history_k_data_plus failed: code=sh.600459, error=10001001, msg=用户未登录"
600460,士兰微,2021-01-01,2024-12-31,failed,0,"RuntimeError: query_history_k_data_plus failed: code=sh.600460, error=10001001, msg=用户未登录"
600461,洪城环境,2021-01-01,2024-12-31,failed,0,"RuntimeError: query_history_k_data_plus failed: code=sh.600461, error=10001001, msg=用户未登录"
600463,空港股份,2021-01-01,2024-12-31,failed,0,"RuntimeError: query_history_k_data_plus failed: code=sh.600463, error=10001001, msg=用户未登录"
600467,好当家,2021-01-01,2024-12-31,failed,0,"RuntimeError: query_history_k_data_plus failed: code=sh.600467, error=10001001, msg=用户未登录"
600468,百利电气,2021-01-01,2024-12-31,failed,0,"RuntimeError: query_history_k_data_plus failed: code=sh.600468, error=10001001, msg=用户未登录"
600469,风神股份,2021-01-01,2024-12-31,failed,0,"RuntimeError: query_history_k_data_plus failed: code=sh.600469, error=10001001, msg=用户未登录"
600470,六国化工,2021-01-01,2024-12-31,failed,0,"RuntimeError: query_history_k_data_plus failed: code=sh.600470, error=10001001, msg=用户未登录"
600475,华光环能,2021-01-01,2024-12-31,failed,0,"RuntimeError: query_history_k_data_plus failed: code=sh.600475, error=10001001, msg=用户未登录"
600476,*ST湘邮,2021-01-01,2024-12-31,failed,0,"RuntimeError: query_history_k_data_plus failed: code=sh.600476, error=10001001, msg=用户未登录"
600477,杭萧钢构,2021-01-01,2024-12-31,failed,0,"RuntimeError: query_history_k_data_plus failed: code=sh.600477, error=10001001, msg=用户未登录"
600478,科力远,2021-01-01,2024-12-31,failed,0,"RuntimeError: query_history_k_data_plus failed: code=sh.600478, error=10001001, msg=用户未登录"
600479,千金药业,2021-01-01,2024-12-31,failed,0,"RuntimeError: query_history_k_data_plus failed: code=sh.600479, error=10001001, msg=用户未登录"
600480,凌云股份,2021-01-01,2024-12-31,failed,0,"RuntimeError: query_history_k_data_plus failed: code=sh.600480, error=10001001, msg=用户未登录"
600481,双良节能,2021-01-01,2024-12-31,failed,0,"RuntimeError: query_history_k_data_plus failed: code=sh.600481, error=10001001, msg=用户未登录"
600482,中国动力,2021-01-01,2024-12-31,failed,0,"RuntimeError: query_history_k_data_plus failed: code=sh.600482, error=10001001, msg=用户未登录"
600483,福能股份,2021-01-01,2024-12-31,failed,0,"RuntimeError: query_history_k_data_plus failed: code=sh.600483, error=10001001, msg=用户未登录"
600486,扬农化工,2021-01-01,2024-12-31,failed,0,"RuntimeError: query_history_k_data_plus failed: code=sh.600486, error=10001001, msg=用户未登录"
600487,亨通光电,2021-01-01,2024-12-31,failed,0,"RuntimeError: query_history_k_data_plus failed: code=sh.600487, error=10001001, msg=用户未登录"
600488,津药药业,2021-01-01,2024-12-31,failed,0,"RuntimeError: query_history_k_data_plus failed: code=sh.600488, error=10001001, msg=用户未登录"
600489,中金黄金,2021-01-01,2024-12-31,failed,0,"RuntimeError: query_history_k_data_plus failed: code=sh.600489, error=10001001, msg=用户未登录"
600490,鹏欣资源,2021-01-01,2024-12-31,failed,0,"RuntimeError: query_history_k_data_plus failed: code=sh.600490, error=10001001, msg=用户未登录"
600491,ST龙元,2021-01-01,2024-12-31,failed,0,"RuntimeError: query_history_k_data_plus failed: code=sh.600491, error=10001001, msg=用户未登录"
600493,凤竹纺织,2021-01-01,2024-12-31,failed,0,"RuntimeError: query_history_k_data_plus failed: code=sh.600493, error=10001001, msg=用户未登录"
600495,晋西车轴,2021-01-01,2024-12-31,failed,0,"RuntimeError: query_history_k_data_plus failed: code=sh.600495, error=10001001, msg=用户未登录"
600496,精工钢构,2021-01-01,2024-12-31,failed,0,"RuntimeError: query_history_k_data_plus failed: code=sh.600496, error=10001001, msg=用户未登录"
600497,驰宏锌锗,2021-01-01,2024-12-31,failed,0,"RuntimeError: query_history_k_data_plus failed: code=sh.600497, error=10001001, msg=用户未登录"
600498,烽火通信,2021-01-01,2024-12-31,failed,0,"RuntimeError: query_history_k_data_plus failed: code=sh.600498, error=10001001, msg=用户未登录"
600499,科达制造,2021-01-01,2024-12-31,failed,0,"RuntimeError: query_history_k_data_plus failed: code=sh.600499, error=10001001, msg=用户未登录"
600500,中化国际,2021-01-01,2024-12-31,failed,0,"RuntimeError: query_history_k_data_plus failed: code=sh.600500, error=10001001, msg=用户未登录"
600501,航天晨光,2021-01-01,2024-12-31,failed,0,"RuntimeError: query_history_k_data_plus failed: code=sh.600501, error=10001001, msg=用户未登录"
600502,安徽建工,2021-01-01,2024-12-31,failed,0,"RuntimeError: query_history_k_data_plus failed: code=sh.600502, error=10001001, msg=用户未登录"
600503,华丽家族,2021-01-01,2024-12-31,failed,0,"RuntimeError: query_history_k_data_plus failed: code=sh.600503, error=10001001, msg=用户未登录"
600505,西昌电力,2021-01-01,2024-12-31,failed,0,"RuntimeError: query_history_k_data_plus failed: code=sh.600505, error=10001001, msg=用户未登录"
600506,统一股份,2021-01-01,2024-12-31,failed,0,"RuntimeError: query_history_k_data_plus failed: code=sh.600506, error=10001001, msg=用户未登录"
600507,方大特钢,2021-01-01,2024-12-31,failed,0,"RuntimeError: query_history_k_data_plus failed: code=sh.600507, error=10001001, msg=用户未登录"
600508,上海能源,2021-01-01,2024-12-31,failed,0,"RuntimeError: query_history_k_data_plus failed: code=sh.600508, error=10001001, msg=用户未登录"
600509,天富能源,2021-01-01,2024-12-31,failed,0,"RuntimeError: query_history_k_data_plus failed: code=sh.600509, error=10001001, msg=用户未登录"
600510,黑牡丹,2021-01-01,2024-12-31,failed,0,"RuntimeError: query_history_k_data_plus failed: code=sh.600510, error=10001001, msg=用户未登录"
600511,国药股份,2021-01-01,2024-12-31,failed,0,"RuntimeError: query_history_k_data_plus failed: code=sh.600511, error=10001001, msg=用户未登录"
600512,腾达建设,2021-01-01,2024-12-31,failed,0,"RuntimeError: query_history_k_data_plus failed: code=sh.600512, error=10001001, msg=用户未登录"
600513,联环药业,2021-01-01,2024-12-31,failed,0,"RuntimeError: query_history_k_data_plus failed: code=sh.600513, error=10001001, msg=用户未登录"
600515,海南机场,2021-01-01,2024-12-31,failed,0,"RuntimeError: query_history_k_data_plus failed: code=sh.600515, error=10001001, msg=用户未登录"
600516,方大炭素,2021-01-01,2024-12-31,failed,0,"RuntimeError: query_history_k_data_plus failed: code=sh.600516, error=10001001, msg=用户未登录"
600517,国网英大,2021-01-01,2024-12-31,failed,0,"RuntimeError: query_history_k_data_plus failed: code=sh.600517, error=10001001, msg=用户未登录"
600518,康美药业,2021-01-01,2024-12-31,failed,0,"RuntimeError: query_history_k_data_plus failed: code=sh.600518, error=10001001, msg=用户未登录"
600519,贵州茅台,2021-01-01,2024-12-31,failed,0,"RuntimeError: query_history_k_data_plus failed: code=sh.600519, error=10001001, msg=用户未登录"
600520,三佳科技,2021-01-01,2024-12-31,failed,0,"RuntimeError: query_history_k_data_plus failed: code=sh.600520, error=10001001, msg=用户未登录"
600521,华海药业,2021-01-01,2024-12-31,failed,0,"RuntimeError: query_history_k_data_plus failed: code=sh.600521, error=10001001, msg=用户未登录"
600522,中天科技,2021-01-01,2024-12-31,failed,0,"RuntimeError: query_history_k_data_plus failed: code=sh.600522, error=10001001, msg=用户未登录"
600523,贵航股份,2021-01-01,2024-12-31,failed,0,"RuntimeError: query_history_k_data_plus failed: code=sh.600523, error=10001001, msg=用户未登录"
600525,ST长园,2021-01-01,2024-12-31,failed,0,"RuntimeError: query_history_k_data_plus failed: code=sh.600525, error=10001001, msg=用户未登录"
600526,菲达环保,2021-01-01,2024-12-31,failed,0,"RuntimeError: query_history_k_data_plus failed: code=sh.600526, error=10001001, msg=用户未登录"
600527,江南高纤,2021-01-01,2024-12-31,failed,0,"RuntimeError: query_history_k_data_plus failed: code=sh.600527, error=10001001, msg=用户未登录"
600528,中铁工业,2021-01-01,2024-12-31,failed,0,"RuntimeError: query_history_k_data_plus failed: code=sh.600528, error=10001001, msg=用户未登录"
600529,山东药玻,2021-01-01,2024-12-31,failed,0,"RuntimeError: query_history_k_data_plus failed: code=sh.600529, error=10001001, msg=用户未登录"
600530,交大昂立,2021-01-01,2024-12-31,failed,0,"RuntimeError: query_history_k_data_plus failed: code=sh.600530, error=10001001, msg=用户未登录"
600531,豫光金铅,2021-01-01,2024-12-31,failed,0,"RuntimeError: query_history_k_data_plus failed: code=sh.600531, error=10001001, msg=用户未登录"
600533,栖霞建设,2021-01-01,2024-12-31,failed,0,"RuntimeError: query_history_k_data_plus failed: code=sh.600533, error=10001001, msg=用户未登录"
600535,天士力,2021-01-01,2024-12-31,failed,0,"RuntimeError: query_history_k_data_plus failed: code=sh.600535, error=10001001, msg=用户未登录"
600536,中国软件,2021-01-01,2024-12-31,failed,0,"RuntimeError: query_history_k_data_plus failed: code=sh.600536, error=10001001, msg=用户未登录"
600537,*ST亿晶,2021-01-01,2024-12-31,failed,0,"RuntimeError: query_history_k_data_plus failed: code=sh.600537, error=10001001, msg=用户未登录"
600538,国发股份,2021-01-01,2024-12-31,failed,0,"RuntimeError: query_history_k_data_plus failed: code=sh.600538, error=10001001, msg=用户未登录"
600539,狮头股份,2021-01-01,2024-12-31,failed,0,"RuntimeError: query_history_k_data_plus failed: code=sh.600539, error=10001001, msg=用户未登录"
600540,新赛股份,2021-01-01,2024-12-31,failed,0,"RuntimeError: query_history_k_data_plus failed: code=sh.600540, error=10001001, msg=用户未登录"
600543,*ST莫高,2021-01-01,2024-12-31,failed,0,"RuntimeError: query_history_k_data_plus failed: code=sh.600543, error=10001001, msg=用户未登录"
600545,卓郎智能,2021-01-01,2024-12-31,failed,0,"RuntimeError: query_history_k_data_plus failed: code=sh.600545, error=10001001, msg=用户未登录"
600546,山煤国际,2021-01-01,2024-12-31,failed,0,"RuntimeError: query_history_k_data_plus failed: code=sh.600546, error=10001001, msg=用户未登录"
600547,山东黄金,2021-01-01,2024-12-31,failed,0,"RuntimeError: query_history_k_data_plus failed: code=sh.600547, error=10001001, msg=用户未登录"
600548,深高速,2021-01-01,2024-12-31,failed,0,"RuntimeError: query_history_k_data_plus failed: code=sh.600548, error=10001001, msg=用户未登录"
600549,厦门钨业,2021-01-01,2024-12-31,failed,0,"RuntimeError: query_history_k_data_plus failed: code=sh.600549, error=10001001, msg=用户未登录"
600550,保变电气,2021-01-01,2024-12-31,failed,0,"RuntimeError: query_history_k_data_plus failed: code=sh.600550, error=10001001, msg=用户未登录"
600551,时代出版,2021-01-01,2024-12-31,failed,0,"RuntimeError: query_history_k_data_plus failed: code=sh.600551, error=10001001, msg=用户未登录"
600552,凯盛科技,2021-01-01,2024-12-31,failed,0,"RuntimeError: query_history_k_data_plus failed: code=sh.600552, error=10001001, msg=用户未登录"
600556,天下秀,2021-01-01,2024-12-31,failed,0,"RuntimeError: query_history_k_data_plus failed: code=sh.600556, error=10001001, msg=用户未登录"
600557,康缘药业,2021-01-01,2024-12-31,failed,0,"RuntimeError: query_history_k_data_plus failed: code=sh.600557, error=10001001, msg=用户未登录"
600558,大西洋,2021-01-01,2024-12-31,failed,0,"RuntimeError: query_history_k_data_plus failed: code=sh.600558, error=10001001, msg=用户未登录"
600559,老白干酒,2021-01-01,2024-12-31,failed,0,"RuntimeError: query_history_k_data_plus failed: code=sh.600559, error=10001001, msg=用户未登录"
600560,金自天正,2021-01-01,2024-12-31,failed,0,"RuntimeError: query_history_k_data_plus failed: code=sh.600560, error=10001001, msg=用户未登录"
600561,江西长运,2021-01-01,2024-12-31,failed,0,"RuntimeError: query_history_k_data_plus failed: code=sh.600561, error=10001001, msg=用户未登录"
600562,国睿科技,2021-01-01,2024-12-31,failed,0,"RuntimeError: query_history_k_data_plus failed: code=sh.600562, error=10001001, msg=用户未登录"
600563,法拉电子,2021-01-01,2024-12-31,failed,0,"RuntimeError: query_history_k_data_plus failed: code=sh.600563, error=10001001, msg=用户未登录"
600566,济川药业,2021-01-01,2024-12-31,failed,0,"RuntimeError: query_history_k_data_plus failed: code=sh.600566, error=10001001, msg=用户未登录"
600567,山鹰国际,2021-01-01,2024-12-31,failed,0,"RuntimeError: query_history_k_data_plus failed: code=sh.600567, error=10001001, msg=用户未登录"
600568,ST中珠,2021-01-01,2024-12-31,failed,0,"RuntimeError: query_history_k_data_plus failed: code=sh.600568, error=10001001, msg=用户未登录"
600569,安阳钢铁,2021-01-01,2024-12-31,failed,0,"RuntimeError: query_history_k_data_plus failed: code=sh.600569, error=10001001, msg=用户未登录"
600570,恒生电子,2021-01-01,2024-12-31,failed,0,"RuntimeError: query_history_k_data_plus failed: code=sh.600570, error=10001001, msg=用户未登录"
600571,信雅达,2021-01-01,2024-12-31,failed,0,"RuntimeError: query_history_k_data_plus failed: code=sh.600571, error=10001001, msg=用户未登录"
600572,康恩贝,2021-01-01,2024-12-31,failed,0,"RuntimeError: query_history_k_data_plus failed: code=sh.600572, error=10001001, msg=用户未登录"
600573,惠泉啤酒,2021-01-01,2024-12-31,failed,0,"RuntimeError: query_history_k_data_plus failed: code=sh.600573, error=10001001, msg=用户未登录"
600575,淮河能源,2021-01-01,2024-12-31,failed,0,"RuntimeError: query_history_k_data_plus failed: code=sh.600575, error=10001001, msg=用户未登录"
600576,祥源文旅,2021-01-01,2024-12-31,failed,0,"RuntimeError: query_history_k_data_plus failed: code=sh.600576, error=10001001, msg=用户未登录"
600577,精达股份,2021-01-01,2024-12-31,failed,0,"RuntimeError: query_history_k_data_plus failed: code=sh.600577, error=10001001, msg=用户未登录"
600578,京能电力,2021-01-01,2024-12-31,failed,0,"RuntimeError: query_history_k_data_plus failed: code=sh.600578, error=10001001, msg=用户未登录"
600579,中化装备,2021-01-01,2024-12-31,failed,0,"RuntimeError: query_history_k_data_plus failed: code=sh.600579, error=10001001, msg=用户未登录"
600580,卧龙电驱,2021-01-01,2024-12-31,failed,0,"RuntimeError: query_history_k_data_plus failed: code=sh.600580, error=10001001, msg=用户未登录"
600581,*ST八钢,2021-01-01,2024-12-31,failed,0,"RuntimeError: query_history_k_data_plus failed: code=sh.600581, error=10001001, msg=用户未登录"
600582,天地科技,2021-01-01,2024-12-31,failed,0,"RuntimeError: query_history_k_data_plus failed: code=sh.600582, error=10001001, msg=用户未登录"
600583,海油工程,2021-01-01,2024-12-31,failed,0,"RuntimeError: query_history_k_data_plus failed: code=sh.600583, error=10001001, msg=用户未登录"
600584,长电科技,2021-01-01,2024-12-31,failed,0,"RuntimeError: query_history_k_data_plus failed: code=sh.600584, error=10001001, msg=用户未登录"
600585,海螺水泥,2021-01-01,2024-12-31,failed,0,"RuntimeError: query_history_k_data_plus failed: code=sh.600585, error=10001001, msg=用户未登录"
600586,金晶科技,2021-01-01,2024-12-31,failed,0,"RuntimeError: query_history_k_data_plus failed: code=sh.600586, error=10001001, msg=用户未登录"
600587,新华医疗,2021-01-01,2024-12-31,failed,0,"RuntimeError: query_history_k_data_plus failed: code=sh.600587, error=10001001, msg=用户未登录"
600588,用友网络,2021-01-01,2024-12-31,failed,0,"RuntimeError: query_history_k_data_plus failed: code=sh.600588, error=10001001, msg=用户未登录"
600589,大位科技,2021-01-01,2024-12-31,failed,0,"RuntimeError: query_history_k_data_plus failed: code=sh.600589, error=10001001, msg=用户未登录"
600590,泰豪科技,2021-01-01,2024-12-31,failed,0,"RuntimeError: query_history_k_data_plus failed: code=sh.600590, error=10001001, msg=用户未登录"
600592,龙溪股份,2021-01-01,2024-12-31,failed,0,"RuntimeError: query_history_k_data_plus failed: code=sh.600592, error=10001001, msg=用户未登录"
600593,大连圣亚,2021-01-01,2024-12-31,failed,0,"RuntimeError: query_history_k_data_plus failed: code=sh.600593, error=10001001, msg=用户未登录"
600594,益佰制药,2021-01-01,2024-12-31,failed,0,"RuntimeError: query_history_k_data_plus failed: code=sh.600594, error=10001001, msg=用户未登录"
600595,中孚实业,2021-01-01,2024-12-31,failed,0,"RuntimeError: query_history_k_data_plus failed: code=sh.600595, error=10001001, msg=用户未登录"
600596,新安股份,2021-01-01,2024-12-31,failed,0,"RuntimeError: query_history_k_data_plus failed: code=sh.600596, error=10001001, msg=用户未登录"
600597,光明乳业,2021-01-01,2024-12-31,failed,0,"RuntimeError: query_history_k_data_plus failed: code=sh.600597, error=10001001, msg=用户未登录"
600598,北大荒,2021-01-01,2024-12-31,failed,0,"RuntimeError: query_history_k_data_plus failed: code=sh.600598, error=10001001, msg=用户未登录"
600599,退市熊猫,2021-01-01,2024-12-31,failed,0,"RuntimeError: query_history_k_data_plus failed: code=sh.600599, error=10001001, msg=用户未登录"
600600,青岛啤酒,2021-01-01,2024-12-31,failed,0,"RuntimeError: query_history_k_data_plus failed: code=sh.600600, error=10001001, msg=用户未登录"
600601,方正科技,2021-01-01,2024-12-31,failed,0,"RuntimeError: query_history_k_data_plus failed: code=sh.600601, error=10001001, msg=用户未登录"
600602,云赛智联,2021-01-01,2024-12-31,failed,0,"RuntimeError: query_history_k_data_plus failed: code=sh.600602, error=10001001, msg=用户未登录"
600603,广汇物流,2021-01-01,2024-12-31,failed,0,"RuntimeError: query_history_k_data_plus failed: code=sh.600603, error=10001001, msg=用户未登录"
600604,市北高新,2021-01-01,2024-12-31,failed,0,"RuntimeError: query_history_k_data_plus failed: code=sh.600604, error=10001001, msg=用户未登录"
600605,汇通能源,2021-01-01,2024-12-31,failed,0,"RuntimeError: query_history_k_data_plus failed: code=sh.600605, error=10001001, msg=用户未登录"
600606,绿地控股,2021-01-01,2024-12-31,failed,0,"RuntimeError: query_history_k_data_plus failed: code=sh.600606, error=10001001, msg=用户未登录"
600608,*ST沪科,2021-01-01,2024-12-31,failed,0,"RuntimeError: query_history_k_data_plus failed: code=sh.600608, error=10001001, msg=用户未登录"
600609,金杯汽车,2021-01-01,2024-12-31,failed,0,"RuntimeError: query_history_k_data_plus failed: code=sh.600609, error=10001001, msg=用户未登录"
600610,中毅达,2021-01-01,2024-12-31,failed,0,"RuntimeError: query_history_k_data_plus failed: code=sh.600610, error=10001001, msg=用户未登录"
600611,大众交通,2021-01-01,2024-12-31,failed,0,"RuntimeError: query_history_k_data_plus failed: code=sh.600611, error=10001001, msg=用户未登录"
600612,老凤祥,2021-01-01,2024-12-31,failed,0,"RuntimeError: query_history_k_data_plus failed: code=sh.600612, error=10001001, msg=用户未登录"
600613,神奇制药,2021-01-01,2024-12-31,failed,0,"RuntimeError: query_history_k_data_plus failed: code=sh.600613, error=10001001, msg=用户未登录"
600615,鑫源智造,2021-01-01,2024-12-31,failed,0,"RuntimeError: query_history_k_data_plus failed: code=sh.600615, error=10001001, msg=用户未登录"
600616,金枫酒业,2021-01-01,2024-12-31,failed,0,"RuntimeError: query_history_k_data_plus failed: code=sh.600616, error=10001001, msg=用户未登录"
600617,国新能源,2021-01-01,2024-12-31,failed,0,"RuntimeError: query_history_k_data_plus failed: code=sh.600617, error=10001001, msg=用户未登录"
600618,氯碱化工,2021-01-01,2024-12-31,failed,0,"RuntimeError: query_history_k_data_plus failed: code=sh.600618, error=10001001, msg=用户未登录"
600619,海立股份,2021-01-01,2024-12-31,failed,0,"RuntimeError: query_history_k_data_plus failed: code=sh.600619, error=10001001, msg=用户未登录"
600620,天宸股份,2021-01-01,2024-12-31,failed,0,"RuntimeError: query_history_k_data_plus failed: code=sh.600620, error=10001001, msg=用户未登录"
600621,华鑫股份,2021-01-01,2024-12-31,failed,0,"RuntimeError: query_history_k_data_plus failed: code=sh.600621, error=10001001, msg=用户未登录"
600622,光大嘉宝,2021-01-01,2024-12-31,failed,0,"RuntimeError: query_history_k_data_plus failed: code=sh.600622, error=10001001, msg=用户未登录"
600623,华谊集团,2021-01-01,2024-12-31,failed,0,"RuntimeError: query_history_k_data_plus failed: code=sh.600623, error=10001001, msg=用户未登录"
600624,ST复华,2021-01-01,2024-12-31,failed,0,"RuntimeError: query_history_k_data_plus failed: code=sh.600624, error=10001001, msg=用户未登录"
600626,申达股份,2021-01-01,2024-12-31,failed,0,"RuntimeError: query_history_k_data_plus failed: code=sh.600626, error=10001001, msg=用户未登录"
600628,新世界,2021-01-01,2024-12-31,failed,0,"RuntimeError: query_history_k_data_plus failed: code=sh.600628, error=10001001, msg=用户未登录"
600629,华建集团,2021-01-01,2024-12-31,failed,0,"RuntimeError: query_history_k_data_plus failed: code=sh.600629, error=10001001, msg=用户未登录"
600630,龙头股份,2021-01-01,2024-12-31,failed,0,"RuntimeError: query_history_k_data_plus failed: code=sh.600630, error=10001001, msg=用户未登录"
600633,浙数文化,2021-01-01,2024-12-31,failed,0,"RuntimeError: query_history_k_data_plus failed: code=sh.600633, error=10001001, msg=用户未登录"
600635,大众公用,2021-01-01,2024-12-31,failed,0,"RuntimeError: query_history_k_data_plus failed: code=sh.600635, error=10001001, msg=用户未登录"
600636,退市国化,2021-01-01,2024-12-31,failed,0,"RuntimeError: query_history_k_data_plus failed: code=sh.600636, error=10001001, msg=用户未登录"
600637,东方明珠,2021-01-01,2024-12-31,failed,0,"RuntimeError: query_history_k_data_plus failed: code=sh.600637, error=10001001, msg=用户未登录"
600638,新黄浦,2021-01-01,2024-12-31,failed,0,"RuntimeError: query_history_k_data_plus failed: code=sh.600638, error=10001001, msg=用户未登录"
600639,浦东金桥,2021-01-01,2024-12-31,failed,0,"RuntimeError: query_history_k_data_plus failed: code=sh.600639, error=10001001, msg=用户未登录"
600640,国脉文化,2021-01-01,2024-12-31,failed,0,"RuntimeError: query_history_k_data_plus failed: code=sh.600640, error=10001001, msg=用户未登录"
600641,先导基电,2021-01-01,2024-12-31,failed,0,"RuntimeError: query_history_k_data_plus failed: code=sh.600641, error=10001001, msg=用户未登录"
600642,申能股份,2021-01-01,2024-12-31,failed,0,"RuntimeError: query_history_k_data_plus failed: code=sh.600642, error=10001001, msg=用户未登录"
600643,爱建集团,2021-01-01,2024-12-31,failed,0,"RuntimeError: query_history_k_data_plus failed: code=sh.600643, error=10001001, msg=用户未登录"
600644,乐山电力,2021-01-01,2024-12-31,failed,0,"RuntimeError: query_history_k_data_plus failed: code=sh.600644, error=10001001, msg=用户未登录"
600645,中源协和,2021-01-01,2024-12-31,failed,0,"RuntimeError: query_history_k_data_plus failed: code=sh.600645, error=10001001, msg=用户未登录"
600648,外高桥,2021-01-01,2024-12-31,failed,0,"RuntimeError: query_history_k_data_plus failed: code=sh.600648, error=10001001, msg=用户未登录"
600649,城投控股,2021-01-01,2024-12-31,failed,0,"RuntimeError: query_history_k_data_plus failed: code=sh.600649, error=10001001, msg=用户未登录"
600650,锦江在线,2021-01-01,2024-12-31,failed,0,"RuntimeError: query_history_k_data_plus failed: code=sh.600650, error=10001001, msg=用户未登录"
600651,飞乐音响,2021-01-01,2024-12-31,failed,0,"RuntimeError: query_history_k_data_plus failed: code=sh.600651, error=10001001, msg=用户未登录"
600653,申华控股,2021-01-01,2024-12-31,failed,0,"RuntimeError: query_history_k_data_plus failed: code=sh.600653, error=10001001, msg=用户未登录"
600654,中安科,2021-01-01,2024-12-31,failed,0,"RuntimeError: query_history_k_data_plus failed: code=sh.600654, error=10001001, msg=用户未登录"
600655,豫园股份,2021-01-01,2024-12-31,failed,0,"RuntimeError: query_history_k_data_plus failed: code=sh.600655, error=10001001, msg=用户未登录"
600657,信达地产,2021-01-01,2024-12-31,failed,0,"RuntimeError: query_history_k_data_plus failed: code=sh.600657, error=10001001, msg=用户未登录"
600658,电子城,2021-01-01,2024-12-31,failed,0,"RuntimeError: query_history_k_data_plus failed: code=sh.600658, error=10001001, msg=用户未登录"
600660,福耀玻璃,2021-01-01,2024-12-31,failed,0,"RuntimeError: query_history_k_data_plus failed: code=sh.600660, error=10001001, msg=用户未登录"
600661,昂立教育,2021-01-01,2024-12-31,failed,0,"RuntimeError: query_history_k_data_plus failed: code=sh.600661, error=10001001, msg=用户未登录"
600662,外服控股,2021-01-01,2024-12-31,failed,0,"RuntimeError: query_history_k_data_plus failed: code=sh.600662, error=10001001, msg=用户未登录"
600663,陆家嘴,2021-01-01,2024-12-31,failed,0,"RuntimeError: query_history_k_data_plus failed: code=sh.600663, error=10001001, msg=用户未登录"
600664,哈药股份,2021-01-01,2024-12-31,failed,0,"RuntimeError: query_history_k_data_plus failed: code=sh.600664, error=10001001, msg=用户未登录"
600665,天地源,2021-01-01,2024-12-31,failed,0,"RuntimeError: query_history_k_data_plus failed: code=sh.600665, error=10001001, msg=用户未登录"
600666,奥瑞德,2021-01-01,2024-12-31,failed,0,"RuntimeError: query_history_k_data_plus failed: code=sh.600666, error=10001001, msg=用户未登录"
600667,太极实业,2021-01-01,2024-12-31,failed,0,"RuntimeError: query_history_k_data_plus failed: code=sh.600667, error=10001001, msg=用户未登录"
600668,尖峰集团,2021-01-01,2024-12-31,failed,0,"RuntimeError: query_history_k_data_plus failed: code=sh.600668, error=10001001, msg=用户未登录"
600671,天目药业,2021-01-01,2024-12-31,failed,0,"RuntimeError: query_history_k_data_plus failed: code=sh.600671, error=10001001, msg=用户未登录"
600673,东阳光,2021-01-01,2024-12-31,failed,0,"RuntimeError: query_history_k_data_plus failed: code=sh.600673, error=10001001, msg=用户未登录"
600674,川投能源,2021-01-01,2024-12-31,failed,0,"RuntimeError: query_history_k_data_plus failed: code=sh.600674, error=10001001, msg=用户未登录"
600675,中华企业,2021-01-01,2024-12-31,failed,0,"RuntimeError: query_history_k_data_plus failed: code=sh.600675, error=10001001, msg=用户未登录"
600676,交运股份,2021-01-01,2024-12-31,failed,0,"RuntimeError: query_history_k_data_plus failed: code=sh.600676, error=10001001, msg=用户未登录"
600678,ST金顶,2021-01-01,2024-12-31,failed,0,"RuntimeError: query_history_k_data_plus failed: code=sh.600678, error=10001001, msg=用户未登录"
600679,上海凤凰,2021-01-01,2024-12-31,failed,0,"RuntimeError: query_history_k_data_plus failed: code=sh.600679, error=10001001, msg=用户未登录"
600681,百川能源,2021-01-01,2024-12-31,failed,0,"RuntimeError: query_history_k_data_plus failed: code=sh.600681, error=10001001, msg=用户未登录"
600682,南京新百,2021-01-01,2024-12-31,failed,0,"RuntimeError: query_history_k_data_plus failed: code=sh.600682, error=10001001, msg=用户未登录"
600683,京投发展,2021-01-01,2024-12-31,failed,0,"RuntimeError: query_history_k_data_plus failed: code=sh.600683, error=10001001, msg=用户未登录"
600684,珠江股份,2021-01-01,2024-12-31,failed,0,"RuntimeError: query_history_k_data_plus failed: code=sh.600684, error=10001001, msg=用户未登录"
600685,中船防务,2021-01-01,2024-12-31,failed,0,"RuntimeError: query_history_k_data_plus failed: code=sh.600685, error=10001001, msg=用户未登录"
600686,金龙汽车,2021-01-01,2024-12-31,failed,0,"RuntimeError: query_history_k_data_plus failed: code=sh.600686, error=10001001, msg=用户未登录"
600688,上海石化,2021-01-01,2024-12-31,failed,0,"RuntimeError: query_history_k_data_plus failed: code=sh.600688, error=10001001, msg=用户未登录"
600689,上海三毛,2021-01-01,2024-12-31,failed,0,"RuntimeError: query_history_k_data_plus failed: code=sh.600689, error=10001001, msg=用户未登录"
600690,海尔智家,2021-01-01,2024-12-31,failed,0,"RuntimeError: query_history_k_data_plus failed: code=sh.600690, error=10001001, msg=用户未登录"
600691,潞化科技,2021-01-01,2024-12-31,failed,0,"RuntimeError: query_history_k_data_plus failed: code=sh.600691, error=10001001, msg=用户未登录"
600692,亚通股份,2021-01-01,2024-12-31,failed,0,"RuntimeError: query_history_k_data_plus failed: code=sh.600692, error=10001001, msg=用户未登录"
600693,东百集团,2021-01-01,2024-12-31,failed,0,"RuntimeError: query_history_k_data_plus failed: code=sh.600693, error=10001001, msg=用户未登录"
600694,大商股份,2021-01-01,2024-12-31,failed,0,"RuntimeError: query_history_k_data_plus failed: code=sh.600694, error=10001001, msg=用户未登录"
600696,退市岩石,2021-01-01,2024-12-31,failed,0,"RuntimeError: query_history_k_data_plus failed: code=sh.600696, error=10001001, msg=用户未登录"
600697,欧亚集团,2021-01-01,2024-12-31,failed,0,"RuntimeError: query_history_k_data_plus failed: code=sh.600697, error=10001001, msg=用户未登录"
600698,湖南天雁,2021-01-01,2024-12-31,failed,0,"RuntimeError: query_history_k_data_plus failed: code=sh.600698, error=10001001, msg=用户未登录"
600699,均胜电子,2021-01-01,2024-12-31,failed,0,"RuntimeError: query_history_k_data_plus failed: code=sh.600699, error=10001001, msg=用户未登录"
600702,舍得酒业,2021-01-01,2024-12-31,failed,0,"RuntimeError: query_history_k_data_plus failed: code=sh.600702, error=10001001, msg=用户未登录"
600703,三安光电,2021-01-01,2024-12-31,failed,0,"RuntimeError: query_history_k_data_plus failed: code=sh.600703, error=10001001, msg=用户未登录"
600704,物产中大,2021-01-01,2024-12-31,failed,0,"RuntimeError: query_history_k_data_plus failed: code=sh.600704, error=10001001, msg=用户未登录"
600706,曲江文旅,2021-01-01,2024-12-31,failed,0,"RuntimeError: query_history_k_data_plus failed: code=sh.600706, error=10001001, msg=用户未登录"
600707,彩虹股份,2021-01-01,2024-12-31,failed,0,"RuntimeError: query_history_k_data_plus failed: code=sh.600707, error=10001001, msg=用户未登录"
600708,光明地产,2021-01-01,2024-12-31,failed,0,"RuntimeError: query_history_k_data_plus failed: code=sh.600708, error=10001001, msg=用户未登录"
600710,苏美达,2021-01-01,2024-12-31,failed,0,"RuntimeError: query_history_k_data_plus failed: code=sh.600710, error=10001001, msg=用户未登录"
600711,盛屯矿业,2021-01-01,2024-12-31,failed,0,"RuntimeError: query_history_k_data_plus failed: code=sh.600711, error=10001001, msg=用户未登录"
600712,南宁百货,2021-01-01,2024-12-31,failed,0,"RuntimeError: query_history_k_data_plus failed: code=sh.600712, error=10001001, msg=用户未登录"
600713,南京医药,2021-01-01,2024-12-31,failed,0,"RuntimeError: query_history_k_data_plus failed: code=sh.600713, error=10001001, msg=用户未登录"
600714,金瑞矿业,2021-01-01,2024-12-31,failed,0,"RuntimeError: query_history_k_data_plus failed: code=sh.600714, error=10001001, msg=用户未登录"
600715,文投控股,2021-01-01,2024-12-31,failed,0,"RuntimeError: query_history_k_data_plus failed: code=sh.600715, error=10001001, msg=用户未登录"
600716,凤凰股份,2021-01-01,2024-12-31,failed,0,"RuntimeError: query_history_k_data_plus failed: code=sh.600716, error=10001001, msg=用户未登录"
600717,天津港,2021-01-01,2024-12-31,failed,0,"RuntimeError: query_history_k_data_plus failed: code=sh.600717, error=10001001, msg=用户未登录"
600718,东软集团,2021-01-01,2024-12-31,failed,0,"RuntimeError: query_history_k_data_plus failed: code=sh.600718, error=10001001, msg=用户未登录"
600719,大连热电,2021-01-01,2024-12-31,failed,0,"RuntimeError: query_history_k_data_plus failed: code=sh.600719, error=10001001, msg=用户未登录"
600720,中交设计,2021-01-01,2024-12-31,failed,0,"RuntimeError: query_history_k_data_plus failed: code=sh.600720, error=10001001, msg=用户未登录"
600721,百花医药,2021-01-01,2024-12-31,failed,0,"RuntimeError: query_history_k_data_plus failed: code=sh.600721, error=10001001, msg=用户未登录"
600722,金牛化工,2021-01-01,2024-12-31,failed,0,"RuntimeError: query_history_k_data_plus failed: code=sh.600722, error=10001001, msg=用户未登录"
600724,宁波富达,2021-01-01,2024-12-31,failed,0,"RuntimeError: query_history_k_data_plus failed: code=sh.600724, error=10001001, msg=用户未登录"
600725,云维股份,2021-01-01,2024-12-31,failed,0,"RuntimeError: query_history_k_data_plus failed: code=sh.600725, error=10001001, msg=用户未登录"
600726,华电能源,2021-01-01,2024-12-31,failed,0,"RuntimeError: query_history_k_data_plus failed: code=sh.600726, error=10001001, msg=用户未登录"
600727,鲁北化工,2021-01-01,2024-12-31,failed,0,"RuntimeError: query_history_k_data_plus failed: code=sh.600727, error=10001001, msg=用户未登录"
600728,佳都科技,2021-01-01,2024-12-31,failed,0,"RuntimeError: query_history_k_data_plus failed: code=sh.600728, error=10001001, msg=用户未登录"
600729,重百集团,2021-01-01,2024-12-31,failed,0,"RuntimeError: query_history_k_data_plus failed: code=sh.600729, error=10001001, msg=用户未登录"
600730,*ST高科,2021-01-01,2024-12-31,failed,0,"RuntimeError: query_history_k_data_plus failed: code=sh.600730, error=10001001, msg=用户未登录"
600731,湖南海利,2021-01-01,2024-12-31,failed,0,"RuntimeError: query_history_k_data_plus failed: code=sh.600731, error=10001001, msg=用户未登录"
600732,爱旭股份,2021-01-01,2024-12-31,failed,0,"RuntimeError: query_history_k_data_plus failed: code=sh.600732, error=10001001, msg=用户未登录"
600733,北汽蓝谷,2021-01-01,2024-12-31,failed,0,"RuntimeError: query_history_k_data_plus failed: code=sh.600733, error=10001001, msg=用户未登录"
600734,*ST实达,2021-01-01,2024-12-31,failed,0,"RuntimeError: query_history_k_data_plus failed: code=sh.600734, error=10001001, msg=用户未登录"
600735,ST新华锦,2021-01-01,2024-12-31,failed,0,"RuntimeError: query_history_k_data_plus failed: code=sh.600735, error=10001001, msg=用户未登录"
600736,苏州高新,2021-01-01,2024-12-31,failed,0,"RuntimeError: query_history_k_data_plus failed: code=sh.600736, error=10001001, msg=用户未登录"
600737,中粮糖业,2021-01-01,2024-12-31,failed,0,"RuntimeError: query_history_k_data_plus failed: code=sh.600737, error=10001001, msg=用户未登录"
600738,丽尚国潮,2021-01-01,2024-12-31,failed,0,"RuntimeError: query_history_k_data_plus failed: code=sh.600738, error=10001001, msg=用户未登录"
600739,辽宁成大,2021-01-01,2024-12-31,failed,0,"RuntimeError: query_history_k_data_plus failed: code=sh.600739, error=10001001, msg=用户未登录"
600740,山西焦化,2021-01-01,2024-12-31,failed,0,"RuntimeError: query_history_k_data_plus failed: code=sh.600740, error=10001001, msg=用户未登录"
600741,华域汽车,2021-01-01,2024-12-31,failed,0,"RuntimeError: query_history_k_data_plus failed: code=sh.600741, error=10001001, msg=用户未登录"
600742,富维股份,2021-01-01,2024-12-31,failed,0,"RuntimeError: query_history_k_data_plus failed: code=sh.600742, error=10001001, msg=用户未登录"
600743,华远控股,2021-01-01,2024-12-31,failed,0,"RuntimeError: query_history_k_data_plus failed: code=sh.600743, error=10001001, msg=用户未登录"
600744,华银电力,2021-01-01,2024-12-31,failed,0,"RuntimeError: query_history_k_data_plus failed: code=sh.600744, error=10001001, msg=用户未登录"
600745,*ST闻泰,2021-01-01,2024-12-31,failed,0,"RuntimeError: query_history_k_data_plus failed: code=sh.600745, error=10001001, msg=用户未登录"
600746,江苏索普,2021-01-01,2024-12-31,failed,0,"RuntimeError: query_history_k_data_plus failed: code=sh.600746, error=10001001, msg=用户未登录"
600748,上实发展,2021-01-01,2024-12-31,failed,0,"RuntimeError: query_history_k_data_plus failed: code=sh.600748, error=10001001, msg=用户未登录"
600749,西藏旅游,2021-01-01,2024-12-31,failed,0,"RuntimeError: query_history_k_data_plus failed: code=sh.600749, error=10001001, msg=用户未登录"
600750,华润江中,2021-01-01,2024-12-31,failed,0,"RuntimeError: query_history_k_data_plus failed: code=sh.600750, error=10001001, msg=用户未登录"
600751,海航科技,2021-01-01,2024-12-31,failed,0,"RuntimeError: query_history_k_data_plus failed: code=sh.600751, error=10001001, msg=用户未登录"
600753,*ST海钦,2021-01-01,2024-12-31,failed,0,"RuntimeError: query_history_k_data_plus failed: code=sh.600753, error=10001001, msg=用户未登录"
600754,锦江酒店,2021-01-01,2024-12-31,failed,0,"RuntimeError: query_history_k_data_plus failed: code=sh.600754, error=10001001, msg=用户未登录"
600755,厦门国贸,2021-01-01,2024-12-31,failed,0,"RuntimeError: query_history_k_data_plus failed: code=sh.600755, error=10001001, msg=用户未登录"
600756,浪潮软件,2021-01-01,2024-12-31,failed,0,"RuntimeError: query_history_k_data_plus failed: code=sh.600756, error=10001001, msg=用户未登录"
600757,长江传媒,2021-01-01,2024-12-31,failed,0,"RuntimeError: query_history_k_data_plus failed: code=sh.600757, error=10001001, msg=用户未登录"
600758,辽宁能源,2021-01-01,2024-12-31,failed,0,"RuntimeError: query_history_k_data_plus failed: code=sh.600758, error=10001001, msg=用户未登录"
600759,ST洲际,2021-01-01,2024-12-31,failed,0,"RuntimeError: query_history_k_data_plus failed: code=sh.600759, error=10001001, msg=用户未登录"
600760,中航沈飞,2021-01-01,2024-12-31,failed,0,"RuntimeError: query_history_k_data_plus failed: code=sh.600760, error=10001001, msg=用户未登录"
600761,安徽合力,2021-01-01,2024-12-31,failed,0,"RuntimeError: query_history_k_data_plus failed: code=sh.600761, error=10001001, msg=用户未登录"
600763,通策医疗,2021-01-01,2024-12-31,failed,0,"RuntimeError: query_history_k_data_plus failed: code=sh.600763, error=10001001, msg=用户未登录"
600764,中国海防,2021-01-01,2024-12-31,failed,0,"RuntimeError: query_history_k_data_plus failed: code=sh.600764, error=10001001, msg=用户未登录"
600765,中航重机,2021-01-01,2024-12-31,failed,0,"RuntimeError: query_history_k_data_plus failed: code=sh.600765, error=10001001, msg=用户未登录"
600768,宁波富邦,2021-01-01,2024-12-31,failed,0,"RuntimeError: query_history_k_data_plus failed: code=sh.600768, error=10001001, msg=用户未登录"
600769,祥龙电业,2021-01-01,2024-12-31,failed,0,"RuntimeError: query_history_k_data_plus failed: code=sh.600769, error=10001001, msg=用户未登录"
600770,综艺股份,2021-01-01,2024-12-31,failed,0,"RuntimeError: query_history_k_data_plus failed: code=sh.600770, error=10001001, msg=用户未登录"
600771,广誉远,2021-01-01,2024-12-31,failed,0,"RuntimeError: query_history_k_data_plus failed: code=sh.600771, error=10001001, msg=用户未登录"
600773,西藏城投,2021-01-01,2024-12-31,failed,0,"RuntimeError: query_history_k_data_plus failed: code=sh.600773, error=10001001, msg=用户未登录"
600774,汉商集团,2021-01-01,2024-12-31,failed,0,"RuntimeError: query_history_k_data_plus failed: code=sh.600774, error=10001001, msg=用户未登录"
600775,南京熊猫,2021-01-01,2024-12-31,failed,0,"RuntimeError: query_history_k_data_plus failed: code=sh.600775, error=10001001, msg=用户未登录"
600776,东方通信,2021-01-01,2024-12-31,failed,0,"RuntimeError: query_history_k_data_plus failed: code=sh.600776, error=10001001, msg=用户未登录"
600777,*ST新潮,2021-01-01,2024-12-31,failed,0,"RuntimeError: query_history_k_data_plus failed: code=sh.600777, error=10001001, msg=用户未登录"
600778,友好集团,2021-01-01,2024-12-31,failed,0,"RuntimeError: query_history_k_data_plus failed: code=sh.600778, error=10001001, msg=用户未登录"
600779,水井坊,2021-01-01,2024-12-31,failed,0,"RuntimeError: query_history_k_data_plus failed: code=sh.600779, error=10001001, msg=用户未登录"
600780,通宝能源,2021-01-01,2024-12-31,failed,0,"RuntimeError: query_history_k_data_plus failed: code=sh.600780, error=10001001, msg=用户未登录"
600782,新钢股份,2021-01-01,2024-12-31,failed,0,"RuntimeError: query_history_k_data_plus failed: code=sh.600782, error=10001001, msg=用户未登录"
600783,鲁信创投,2021-01-01,2024-12-31,failed,0,"RuntimeError: query_history_k_data_plus failed: code=sh.600783, error=10001001, msg=用户未登录"
600784,鲁银投资,2021-01-01,2024-12-31,failed,0,"RuntimeError: query_history_k_data_plus failed: code=sh.600784, error=10001001, msg=用户未登录"
600785,新华百货,2021-01-01,2024-12-31,failed,0,"RuntimeError: query_history_k_data_plus failed: code=sh.600785, error=10001001, msg=用户未登录"
600787,中储股份,2021-01-01,2024-12-31,failed,0,"RuntimeError: query_history_k_data_plus failed: code=sh.600787, error=10001001, msg=用户未登录"
600789,鲁抗医药,2021-01-01,2024-12-31,failed,0,"RuntimeError: query_history_k_data_plus failed: code=sh.600789, error=10001001, msg=用户未登录"
600790,轻纺城,2021-01-01,2024-12-31,failed,0,"RuntimeError: query_history_k_data_plus failed: code=sh.600790, error=10001001, msg=用户未登录"
600791,京能置业,2021-01-01,2024-12-31,failed,0,"RuntimeError: query_history_k_data_plus failed: code=sh.600791, error=10001001, msg=用户未登录"
600792,云煤能源,2021-01-01,2024-12-31,failed,0,"RuntimeError: query_history_k_data_plus failed: code=sh.600792, error=10001001, msg=用户未登录"
600793,宜宾纸业,2021-01-01,2024-12-31,failed,0,"RuntimeError: query_history_k_data_plus failed: code=sh.600793, error=10001001, msg=用户未登录"
600794,保税科技,2021-01-01,2024-12-31,failed,0,"RuntimeError: query_history_k_data_plus failed: code=sh.600794, error=10001001, msg=用户未登录"
600795,国电电力,2021-01-01,2024-12-31,failed,0,"RuntimeError: query_history_k_data_plus failed: code=sh.600795, error=10001001, msg=用户未登录"
600796,钱江生化,2021-01-01,2024-12-31,failed,0,"RuntimeError: query_history_k_data_plus failed: code=sh.600796, error=10001001, msg=用户未登录"
600797,浙大网新,2021-01-01,2024-12-31,failed,0,"RuntimeError: query_history_k_data_plus failed: code=sh.600797, error=10001001, msg=用户未登录"
600798,宁波海运,2021-01-01,2024-12-31,failed,0,"RuntimeError: query_history_k_data_plus failed: code=sh.600798, error=10001001, msg=用户未登录"
600800,渤海化学,2021-01-01,2024-12-31,failed,0,"RuntimeError: query_history_k_data_plus failed: code=sh.600800, error=10001001, msg=用户未登录"
600801,华新建材,2021-01-01,2024-12-31,failed,0,"RuntimeError: query_history_k_data_plus failed: code=sh.600801, error=10001001, msg=用户未登录"
600802,福建水泥,2021-01-01,2024-12-31,failed,0,"RuntimeError: query_history_k_data_plus failed: code=sh.600802, error=10001001, msg=用户未登录"
600803,新奥股份,2021-01-01,2024-12-31,failed,0,"RuntimeError: query_history_k_data_plus failed: code=sh.600803, error=10001001, msg=用户未登录"
600805,悦达投资,2021-01-01,2024-12-31,failed,0,"RuntimeError: query_history_k_data_plus failed: code=sh.600805, error=10001001, msg=用户未登录"
600807,济高发展,2021-01-01,2024-12-31,failed,0,"RuntimeError: query_history_k_data_plus failed: code=sh.600807, error=10001001, msg=用户未登录"
600808,马钢股份,2021-01-01,2024-12-31,failed,0,"RuntimeError: query_history_k_data_plus failed: code=sh.600808, error=10001001, msg=用户未登录"
600809,山西汾酒,2021-01-01,2024-12-31,failed,0,"RuntimeError: query_history_k_data_plus failed: code=sh.600809, error=10001001, msg=用户未登录"
600810,神马股份,2021-01-01,2024-12-31,failed,0,"RuntimeError: query_history_k_data_plus failed: code=sh.600810, error=10001001, msg=用户未登录"
600812,华北制药,2021-01-01,2024-12-31,failed,0,"RuntimeError: query_history_k_data_plus failed: code=sh.600812, error=10001001, msg=用户未登录"
600814,杭州解百,2021-01-01,2024-12-31,failed,0,"RuntimeError: query_history_k_data_plus failed: code=sh.600814, error=10001001, msg=用户未登录"
600815,厦工股份,2021-01-01,2024-12-31,failed,0,"RuntimeError: query_history_k_data_plus failed: code=sh.600815, error=10001001, msg=用户未登录"
600816,建元信托,2021-01-01,2024-12-31,failed,0,"RuntimeError: query_history_k_data_plus failed: code=sh.600816, error=10001001, msg=用户未登录"
600817,宇通重工,2021-01-01,2024-12-31,failed,0,"RuntimeError: query_history_k_data_plus failed: code=sh.600817, error=10001001, msg=用户未登录"
600818,ST中路,2021-01-01,2024-12-31,failed,0,"RuntimeError: query_history_k_data_plus failed: code=sh.600818, error=10001001, msg=用户未登录"
600819,耀皮玻璃,2021-01-01,2024-12-31,failed,0,"RuntimeError: query_history_k_data_plus failed: code=sh.600819, error=10001001, msg=用户未登录"
600820,隧道股份,2021-01-01,2024-12-31,failed,0,"RuntimeError: query_history_k_data_plus failed: code=sh.600820, error=10001001, msg=用户未登录"
600821,金开新能,2021-01-01,2024-12-31,failed,0,"RuntimeError: query_history_k_data_plus failed: code=sh.600821, error=10001001, msg=用户未登录"
600822,上海物贸,2021-01-01,2024-12-31,failed,0,"RuntimeError: query_history_k_data_plus failed: code=sh.600822, error=10001001, msg=用户未登录"
600824,益民集团,2021-01-01,2024-12-31,failed,0,"RuntimeError: query_history_k_data_plus failed: code=sh.600824, error=10001001, msg=用户未登录"
600825,新华传媒,2021-01-01,2024-12-31,failed,0,"RuntimeError: query_history_k_data_plus failed: code=sh.600825, error=10001001, msg=用户未登录"
600826,兰生股份,2021-01-01,2024-12-31,failed,0,"RuntimeError: query_history_k_data_plus failed: code=sh.600826, error=10001001, msg=用户未登录"
600827,百联股份,2021-01-01,2024-12-31,failed,0,"RuntimeError: query_history_k_data_plus failed: code=sh.600827, error=10001001, msg=用户未登录"
600828,茂业商业,2021-01-01,2024-12-31,failed,0,"RuntimeError: query_history_k_data_plus failed: code=sh.600828, error=10001001, msg=用户未登录"
600829,人民同泰,2021-01-01,2024-12-31,failed,0,"RuntimeError: query_history_k_data_plus failed: code=sh.600829, error=10001001, msg=用户未登录"
600830,香溢融通,2021-01-01,2024-12-31,failed,0,"RuntimeError: query_history_k_data_plus failed: code=sh.600830, error=10001001, msg=用户未登录"
600831,广电网络,2021-01-01,2024-12-31,failed,0,"RuntimeError: query_history_k_data_plus failed: code=sh.600831, error=10001001, msg=用户未登录"
600833,第一医药,2021-01-01,2024-12-31,failed,0,"RuntimeError: query_history_k_data_plus failed: code=sh.600833, error=10001001, msg=用户未登录"
600834,申通地铁,2021-01-01,2024-12-31,failed,0,"RuntimeError: query_history_k_data_plus failed: code=sh.600834, error=10001001, msg=用户未登录"
600835,上海机电,2021-01-01,2024-12-31,failed,0,"RuntimeError: query_history_k_data_plus failed: code=sh.600835, error=10001001, msg=用户未登录"
600838,上海九百,2021-01-01,2024-12-31,failed,0,"RuntimeError: query_history_k_data_plus failed: code=sh.600838, error=10001001, msg=用户未登录"
600839,四川长虹,2021-01-01,2024-12-31,failed,0,"RuntimeError: query_history_k_data_plus failed: code=sh.600839, error=10001001, msg=用户未登录"
600841,动力新科,2021-01-01,2024-12-31,failed,0,"RuntimeError: query_history_k_data_plus failed: code=sh.600841, error=10001001, msg=用户未登录"
600843,上工申贝,2021-01-01,2024-12-31,failed,0,"RuntimeError: query_history_k_data_plus failed: code=sh.600843, error=10001001, msg=用户未登录"
600844,金煤科技,2021-01-01,2024-12-31,failed,0,"RuntimeError: query_history_k_data_plus failed: code=sh.600844, error=10001001, msg=用户未登录"
600845,宝信软件,2021-01-01,2024-12-31,failed,0,"RuntimeError: query_history_k_data_plus failed: code=sh.600845, error=10001001, msg=用户未登录"
600846,同济科技,2021-01-01,2024-12-31,failed,0,"RuntimeError: query_history_k_data_plus failed: code=sh.600846, error=10001001, msg=用户未登录"
600847,万里股份,2021-01-01,2024-12-31,failed,0,"RuntimeError: query_history_k_data_plus failed: code=sh.600847, error=10001001, msg=用户未登录"
600848,上海临港,2021-01-01,2024-12-31,failed,0,"RuntimeError: query_history_k_data_plus failed: code=sh.600848, error=10001001, msg=用户未登录"
600850,电科数字,2021-01-01,2024-12-31,failed,0,"RuntimeError: query_history_k_data_plus failed: code=sh.600850, error=10001001, msg=用户未登录"
600851,海欣股份,2021-01-01,2024-12-31,failed,0,"RuntimeError: query_history_k_data_plus failed: code=sh.600851, error=10001001, msg=用户未登录"
600853,龙建股份,2021-01-01,2024-12-31,failed,0,"RuntimeError: query_history_k_data_plus failed: code=sh.600853, error=10001001, msg=用户未登录"
600854,春兰股份,2021-01-01,2024-12-31,failed,0,"RuntimeError: query_history_k_data_plus failed: code=sh.600854, error=10001001, msg=用户未登录"
600855,航天长峰,2021-01-01,2024-12-31,failed,0,"RuntimeError: query_history_k_data_plus failed: code=sh.600855, error=10001001, msg=用户未登录"
600857,宁波中百,2021-01-01,2024-12-31,failed,0,"RuntimeError: query_history_k_data_plus failed: code=sh.600857, error=10001001, msg=用户未登录"
600858,银座股份,2021-01-01,2024-12-31,failed,0,"RuntimeError: query_history_k_data_plus failed: code=sh.600858, error=10001001, msg=用户未登录"
600859,王府井,2021-01-01,2024-12-31,failed,0,"RuntimeError: query_history_k_data_plus failed: code=sh.600859, error=10001001, msg=用户未登录"
600860,京城股份,2021-01-01,2024-12-31,failed,0,"RuntimeError: query_history_k_data_plus failed: code=sh.600860, error=10001001, msg=用户未登录"
600861,北京人力,2021-01-01,2024-12-31,failed,0,"RuntimeError: query_history_k_data_plus failed: code=sh.600861, error=10001001, msg=用户未登录"
600862,中航高科,2021-01-01,2024-12-31,failed,0,"RuntimeError: query_history_k_data_plus failed: code=sh.600862, error=10001001, msg=用户未登录"
600863,华能蒙电,2021-01-01,2024-12-31,failed,0,"RuntimeError: query_history_k_data_plus failed: code=sh.600863, error=10001001, msg=用户未登录"
600864,哈投股份,2021-01-01,2024-12-31,failed,0,"RuntimeError: query_history_k_data_plus failed: code=sh.600864, error=10001001, msg=用户未登录"
600865,百大集团,2021-01-01,2024-12-31,failed,0,"RuntimeError: query_history_k_data_plus failed: code=sh.600865, error=10001001, msg=用户未登录"
600866,星湖科技,2021-01-01,2024-12-31,failed,0,"RuntimeError: query_history_k_data_plus failed: code=sh.600866, error=10001001, msg=用户未登录"
600867,通化东宝,2021-01-01,2024-12-31,failed,0,"RuntimeError: query_history_k_data_plus failed: code=sh.600867, error=10001001, msg=用户未登录"
600868,梅雁吉祥,2021-01-01,2024-12-31,failed,0,"RuntimeError: query_history_k_data_plus failed: code=sh.600868, error=10001001, msg=用户未登录"
600869,远东股份,2021-01-01,2024-12-31,failed,0,"RuntimeError: query_history_k_data_plus failed: code=sh.600869, error=10001001, msg=用户未登录"
600871,石化油服,2021-01-01,2024-12-31,failed,0,"RuntimeError: query_history_k_data_plus failed: code=sh.600871, error=10001001, msg=用户未登录"
600872,中炬高新,2021-01-01,2024-12-31,failed,0,"RuntimeError: query_history_k_data_plus failed: code=sh.600872, error=10001001, msg=用户未登录"
600873,梅花生物,2021-01-01,2024-12-31,failed,0,"RuntimeError: query_history_k_data_plus failed: code=sh.600873, error=10001001, msg=用户未登录"
600874,创业环保,2021-01-01,2024-12-31,failed,0,"RuntimeError: query_history_k_data_plus failed: code=sh.600874, error=10001001, msg=用户未登录"
600875,东方电气,2021-01-01,2024-12-31,failed,0,"RuntimeError: query_history_k_data_plus failed: code=sh.600875, error=10001001, msg=用户未登录"
600876,凯盛新能,2021-01-01,2024-12-31,failed,0,"RuntimeError: query_history_k_data_plus failed: code=sh.600876, error=10001001, msg=用户未登录"
600877,电科芯片,2021-01-01,2024-12-31,failed,0,"RuntimeError: query_history_k_data_plus failed: code=sh.600877, error=10001001, msg=用户未登录"
600879,航天电子,2021-01-01,2024-12-31,failed,0,"RuntimeError: query_history_k_data_plus failed: code=sh.600879, error=10001001, msg=用户未登录"
600880,博瑞传播,2021-01-01,2024-12-31,failed,0,"RuntimeError: query_history_k_data_plus failed: code=sh.600880, error=10001001, msg=用户未登录"
600881,亚泰集团,2021-01-01,2024-12-31,failed,0,"RuntimeError: query_history_k_data_plus failed: code=sh.600881, error=10001001, msg=用户未登录"
600882,妙可蓝多,2021-01-01,2024-12-31,failed,0,"RuntimeError: query_history_k_data_plus failed: code=sh.600882, error=10001001, msg=用户未登录"
600883,博闻科技,2021-01-01,2024-12-31,failed,0,"RuntimeError: query_history_k_data_plus failed: code=sh.600883, error=10001001, msg=用户未登录"
600884,杉杉股份,2021-01-01,2024-12-31,failed,0,"RuntimeError: query_history_k_data_plus failed: code=sh.600884, error=10001001, msg=用户未登录"
600885,宏发股份,2021-01-01,2024-12-31,failed,0,"RuntimeError: query_history_k_data_plus failed: code=sh.600885, error=10001001, msg=用户未登录"
600886,国投电力,2021-01-01,2024-12-31,failed,0,"RuntimeError: query_history_k_data_plus failed: code=sh.600886, error=10001001, msg=用户未登录"
600887,伊利股份,2021-01-01,2024-12-31,failed,0,"RuntimeError: query_history_k_data_plus failed: code=sh.600887, error=10001001, msg=用户未登录"
600888,新疆众和,2021-01-01,2024-12-31,failed,0,"RuntimeError: query_history_k_data_plus failed: code=sh.600888, error=10001001, msg=用户未登录"
600889,*ST京化,2021-01-01,2024-12-31,failed,0,"RuntimeError: query_history_k_data_plus failed: code=sh.600889, error=10001001, msg=用户未登录"
600892,*ST大晟,2021-01-01,2024-12-31,failed,0,"RuntimeError: query_history_k_data_plus failed: code=sh.600892, error=10001001, msg=用户未登录"
600893,航发动力,2021-01-01,2024-12-31,failed,0,"RuntimeError: query_history_k_data_plus failed: code=sh.600893, error=10001001, msg=用户未登录"
600894,广日股份,2021-01-01,2024-12-31,failed,0,"RuntimeError: query_history_k_data_plus failed: code=sh.600894, error=10001001, msg=用户未登录"
600895,张江高科,2021-01-01,2024-12-31,failed,0,"RuntimeError: query_history_k_data_plus failed: code=sh.600895, error=10001001, msg=用户未登录"
600897,厦门空港,2021-01-01,2024-12-31,failed,0,"RuntimeError: query_history_k_data_plus failed: code=sh.600897, error=10001001, msg=用户未登录"
600900,长江电力,2021-01-01,2024-12-31,failed,0,"RuntimeError: query_history_k_data_plus failed: code=sh.600900, error=10001001, msg=用户未登录"
600901,江苏金租,2021-01-01,2024-12-31,failed,0,"RuntimeError: query_history_k_data_plus failed: code=sh.600901, error=10001001, msg=用户未登录"
600903,贵州燃气,2021-01-01,2024-12-31,failed,0,"RuntimeError: query_history_k_data_plus failed: code=sh.600903, error=10001001, msg=用户未登录"
600905,三峡能源,2021-01-01,2024-12-31,failed,0,"RuntimeError: query_history_k_data_plus failed: code=sh.600905, error=10001001, msg=用户未登录"
600906,财达证券,2021-01-01,2024-12-31,failed,0,"RuntimeError: query_history_k_data_plus failed: code=sh.600906, error=10001001, msg=用户未登录"
600908,无锡银行,2021-01-01,2024-12-31,failed,0,"RuntimeError: query_history_k_data_plus failed: code=sh.600908, error=10001001, msg=用户未登录"
600909,华安证券,2021-01-01,2024-12-31,failed,0,"RuntimeError: query_history_k_data_plus failed: code=sh.600909, error=10001001, msg=用户未登录"
600916,中国黄金,2021-01-01,2024-12-31,failed,0,"RuntimeError: query_history_k_data_plus failed: code=sh.600916, error=10001001, msg=用户未登录"
600917,重庆燃气,2021-01-01,2024-12-31,failed,0,"RuntimeError: query_history_k_data_plus failed: code=sh.600917, error=10001001, msg=用户未登录"
600918,中泰证券,2021-01-01,2024-12-31,failed,0,"RuntimeError: query_history_k_data_plus failed: code=sh.600918, error=10001001, msg=用户未登录"
600919,江苏银行,2021-01-01,2024-12-31,failed,0,"RuntimeError: query_history_k_data_plus failed: code=sh.600919, error=10001001, msg=用户未登录"
600925,苏能股份,2021-01-01,2024-12-31,failed,0,"RuntimeError: query_history_k_data_plus failed: code=sh.600925, error=10001001, msg=用户未登录"
600926,杭州银行,2021-01-01,2024-12-31,failed,0,"RuntimeError: query_history_k_data_plus failed: code=sh.600926, error=10001001, msg=用户未登录"
600927,永安期货,2021-01-01,2024-12-31,failed,0,"RuntimeError: query_history_k_data_plus failed: code=sh.600927, error=10001001, msg=用户未登录"
600928,西安银行,2021-01-01,2024-12-31,failed,0,"RuntimeError: query_history_k_data_plus failed: code=sh.600928, error=10001001, msg=用户未登录"
600929,雪天盐业,2021-01-01,2024-12-31,failed,0,"RuntimeError: query_history_k_data_plus failed: code=sh.600929, error=10001001, msg=用户未登录"
