周期,信号日期,排名,评分,股票代码,股票名称,买入日期,买入价,买入股数,买入金额,止盈价,止损价,卖出日期,卖出价,卖出金额,持股天数,退出原因,买入费,卖出费,总手续费,净收益金额,收益率%,买前现金,卖后现金
2021,2021-02-05,1,83.17360947816427,600121,郑州煤电,2021-02-08,4.82,10300,49646.0,5.302,4.627,2021-02-09,5.302,54610.6,2,止盈,12.91,68.81,81.72,4882.88,9.83,50000.0,54882.88
2021,2021-04-14,3,76.97706297777526,603222,济民健康,2021-04-15,16.4,3300,54120.0,18.04,15.744,2021-04-16,15.744,51955.2,2,止损,14.07,65.46,79.53,-2244.33,-4.15,54882.88,52638.55
2021,2021-04-26,1,86.23157576778118,002222,福晶科技,2021-04-27,15.59,3300,51447.0,17.149,14.966,2021-04-28,14.966,49389.12,2,止损,13.38,62.23,75.61,-2133.49,-4.15,52638.55,50505.06
2021,2021-06-29,1,80.53939088849631,002679,福建金森,2021-06-30,18.78,2600,48828.0,20.658,18.029,2021-07-01,18.029,46874.88,2,止损,12.7,59.06,71.76,-2024.88,-4.15,50505.06,48480.18
2021,2021-07-28,3,79.49807375284841,605337,李子园,2021-07-29,44.72,1000,44720.0,49.192,42.931,2021-08-09,49.192,49192.0,8,止盈,11.63,61.98,73.61,4398.39,9.83,48480.18,52878.57
2021,2021-08-27,1,87.50459365963584,688317,之江生物,2021-08-30,52.5,1000,52500.0,57.75,50.4,2021-08-31,50.4,50400.0,2,止损,13.65,63.5,77.15,-2177.15,-4.15,52878.57,50701.42
2021,2021-09-08,1,84.92945849774685,605117,德业股份,2021-09-09,175.0,200,35000.0,192.5,168.0,2021-09-10,192.5,38500.0,2,止盈,9.1,48.51,57.61,3442.39,9.83,50701.42,54143.81
2021,2021-09-27,2,89.13434876976807,300688,创业黑马,2021-09-28,28.98,1800,52164.0,31.878,27.821,2021-09-29,31.878,57380.4,2,止盈,13.56,72.3,85.86,5130.54,9.83,54143.81,59274.35
2021,2021-09-29,1,90.14031689257553,300505,川金诺,2021-09-30,34.43,1700,58531.0,37.873,33.053,2021-10-08,38.4,65280.0,2,止盈(高开),15.22,82.25,97.47,6651.53,11.36,59274.35,65925.88
2021,2021-10-13,4,87.54754533219376,300437,清水源,2021-10-14,16.57,3900,64623.0,18.227,15.907,2021-10-20,18.227,71085.3,5,止盈,16.8,89.57,106.37,6355.93,9.83,65925.88,72281.81
2021,2021-12-17,1,85.0534032556247,688280,精进电动,2021-12-20,16.27,4400,71588.0,17.897,15.619,2021-12-27,15.619,68724.48,6,止损,18.61,86.59,105.21,-2968.73,-4.15,72281.81,69313.08
2021,2021-12-27,2,90.95811527378852,002357,富临运业,2021-12-28,6.56,10500,68880.0,7.216,6.298,2022-01-04,6.298,66124.8,5,止损,17.91,83.32,101.23,-2856.43,-4.15,69313.08,66456.66
2022,2022-01-05,4,81.84065752759707,002357,富临运业,2022-01-06,6.4,7800,49920.0,7.04,6.144,2022-01-10,6.144,47923.2,3,止损,12.98,60.38,73.36,-2070.16,-4.15,50000.0,47929.84
2022,2022-01-19,2,84.7148087886503,688317,之江生物,2022-01-20,57.0,800,45600.0,62.7,54.72,2022-01-21,52.5,42000.0,2,止损(低开),11.86,52.92,64.78,-3664.78,-8.03,47929.84,44265.06
2022,2022-01-21,2,87.80811644346966,002256,兆新股份,2022-01-24,3.72,11800,43896.0,4.092,3.571,2022-01-26,3.39,40002.0,3,止损(低开),11.41,50.4,61.82,-3955.82,-9.01,44265.06,40309.25
2022,2022-01-26,1,99.48538152610436,002584,西陇科学,2022-01-27,9.2,4300,39560.0,10.12,8.832,2022-01-28,8.832,37977.6,2,止损,10.29,47.85,58.14,-1640.54,-4.15,40309.25,38668.71
2022,2022-02-07,4,88.19689405120972,300447,全信股份,2022-02-08,17.1,2200,37620.0,18.81,16.416,2022-02-09,18.81,41382.0,2,止盈,9.78,52.14,61.92,3700.08,9.83,38668.71,42368.79
2022,2022-02-25,3,85.54370071782486,002104,恒宝股份,2022-02-28,13.2,3200,42240.0,14.52,12.672,2022-03-01,12.41,39712.0,2,止损(低开),10.98,50.04,61.02,-2589.02,-6.13,42368.79,39779.77
2022,2022-03-03,2,88.62492671652454,300561,汇金科技,2022-03-04,13.23,3000,39690.0,14.553,12.701,2022-03-07,12.701,38102.4,2,止损,10.32,48.01,58.33,-1645.93,-4.15,39779.77,38133.84
2022,2022-03-08,2,88.88497945313841,688005,容百科技,2022-03-09,108.0,300,32400.0,118.8,103.68,2022-03-10,120.0,36000.0,2,止盈(高开),8.42,45.36,53.78,3546.22,10.94,38133.84,41680.05
2022,2022-03-16,1,88.48886782701464,688075,安旭生物,2022-03-17,227.88,100,22788.0,250.668,218.765,2022-03-18,250.668,25066.8,2,止盈,5.92,31.58,37.51,2241.29,9.83,41680.05,43921.35
2022,2022-04-07,1,86.75918429987775,002069,獐子岛,2022-04-08,4.05,10800,43740.0,4.455,3.888,2022-04-11,3.86,41688.0,2,止损(低开),11.37,52.53,63.9,-2115.9,-4.84,43921.35,41805.45
2022,2022-04-11,1,94.04393996094704,002657,中科金财,2022-04-12,17.15,2400,41160.0,18.865,16.464,2022-04-13,16.464,39513.6,2,止损,10.7,49.79,60.49,-1706.89,-4.15,41805.45,40098.56
2022,2022-04-13,1,88.98483018168935,603122,合富中国,2022-04-14,14.2,2800,39760.0,15.62,13.632,2022-04-15,15.64,43792.0,2,止盈(高开),10.34,55.18,65.52,3966.48,9.97,40098.56,44065.04
2022,2022-04-15,3,90.5050932419116,300387,富邦科技,2022-04-18,8.3,5300,43990.0,9.13,7.968,2022-04-19,9.13,48389.0,2,止盈,11.44,60.97,72.41,4326.59,9.83,44065.04,48391.63
2022,2022-04-20,1,89.54558944916708,002603,以岭药业,2022-04-21,29.62,1600,47392.0,32.582,28.435,2022-04-22,28.435,45496.32,2,止损,12.32,57.33,69.65,-1965.33,-4.15,48391.63,46426.31
2022,2022-04-26,1,91.90618351927824,000430,张家界,2022-04-27,5.16,8900,45924.0,5.676,4.954,2022-05-13,5.676,50516.4,10,止盈,11.94,63.65,75.59,4516.81,9.83,46426.31,50943.12
2022,2022-05-17,2,80.28672750420489,603078,江化微,2022-05-18,23.89,2100,50169.0,26.279,22.934,2022-05-24,22.934,48162.24,5,止损,13.04,60.68,73.73,-2080.49,-4.15,50943.12,48862.63
2022,2022-05-31,3,89.10288005131356,688317,之江生物,2022-06-01,38.88,1200,46656.0,42.768,37.325,2022-06-14,37.325,44789.76,9,止损,12.13,56.44,68.57,-1934.81,-4.15,48862.63,46927.82
2022,2022-06-15,1,91.7474019940639,001212,中旗新材,2022-06-16,47.53,900,42777.0,52.283,45.629,2022-06-17,52.283,47054.7,2,止盈,11.12,59.29,70.41,4207.29,9.83,46927.82,51135.11
2022,2022-06-29,1,86.4825,000017,深中华A,2022-06-30,4.52,11300,51076.0,4.972,4.339,2022-07-04,4.339,49032.96,3,止损,13.28,61.78,75.06,-2118.1,-4.15,51135.11,49017.01
2022,2022-07-04,2,77.38129803955769,000037,深南电A,2022-07-05,8.12,6000,48720.0,8.932,7.795,2022-07-13,7.795,46771.2,7,止损,12.67,58.93,71.6,-2020.4,-4.15,49017.01,46996.61
2022,2022-07-22,1,89.16072524080244,002796,世嘉科技,2022-07-25,10.84,4300,46612.0,11.924,10.406,2022-07-26,10.4,44720.0,2,止损(低开),12.12,56.35,68.47,-1960.47,-4.2,46996.61,45036.14
2022,2022-08-05,3,85.61868627306818,002666,德联集团,2022-08-08,6.0,7500,45000.0,6.6,5.76,2022-08-17,6.6,49500.0,8,止盈,11.7,62.37,74.07,4425.93,9.83,45036.14,49462.07
2022,2022-08-25,2,85.98817348443448,688160,步科股份,2022-08-26,41.25,1100,45375.0,45.375,39.6,2022-08-30,39.6,43560.0,3,止损,11.8,54.89,66.68,-1881.68,-4.15,49462.07,47580.39
2022,2022-08-31,2,93.6815962740386,001212,中旗新材,2022-09-01,27.87,1700,47379.0,30.657,26.755,2022-09-02,30.657,52116.9,2,止盈,12.32,65.67,77.99,4659.91,9.83,47580.39,52240.31
2022,2022-09-05,5,89.34126021192671,002045,国光电器,2022-09-06,13.07,3900,50973.0,14.377,12.547,2022-09-09,12.547,48934.08,4,止损,13.25,61.66,74.91,-2113.83,-4.15,52240.31,50126.48
2022,2022-09-14,5,67.122737142972,002115,三维通信,2022-09-15,5.19,9600,49824.0,5.709,4.982,2022-09-16,4.97,47712.0,2,止损(低开),12.95,60.12,73.07,-2185.07,-4.38,50126.48,47941.4
2022,2022-09-19,14,83.55185185185185,002278,神开股份,2022-09-20,4.99,9600,47904.0,5.489,4.79,2022-09-30,4.79,45987.84,9,止损,12.46,57.94,70.4,-1986.56,-4.15,47941.4,45954.84
2022,2022-09-30,12,89.10932350682626,000678,襄阳轴承,2022-10-10,5.49,8300,45567.0,6.039,5.27,2022-10-17,6.039,50123.7,6,止盈,11.85,63.16,75.0,4481.7,9.83,45954.84,50436.54
2022,2022-10-26,1,84.61644273942751,603363,傲农生物,2022-10-27,13.51,3700,49987.0,14.861,12.97,2022-10-28,12.97,47987.52,2,止损,13.0,60.46,73.46,-2072.94,-4.15,50436.54,48363.6
2022,2022-10-31,2,92.925654313248,002137,实益达,2022-11-01,6.17,7800,48126.0,6.787,5.923,2022-11-15,6.787,52938.6,11,止盈,12.51,66.7,79.22,4733.38,9.83,48363.6,53096.98
2022,2022-11-24,1,92.48644292858692,002279,久其软件,2022-11-25,6.06,8700,52722.0,6.666,5.818,2022-12-08,5.818,50613.12,10,止损,13.71,63.77,77.48,-2186.36,-4.15,53096.98,50910.62
2022,2022-12-08,1,93.17316662047244,688137,近岸蛋白,2022-12-09,87.78,500,43890.0,96.558,84.269,2022-12-13,84.269,42134.4,3,止损,11.41,53.09,64.5,-1820.1,-4.15,50910.62,49090.52
2022,2022-12-20,5,80.53915230993091,002603,以岭药业,2022-12-21,38.86,1200,46632.0,42.746,37.306,2022-12-22,37.306,44766.72,2,止损,12.12,56.41,68.53,-1933.81,-4.15,49090.52,47156.71
2022,2022-12-22,3,88.39701105680432,300434,金石亚药,2022-12-23,16.12,2900,46748.0,17.732,15.475,2022-12-27,15.475,44878.08,3,止损,12.15,56.55,68.7,-1938.62,-4.15,47156.71,45218.09
2022,2022-12-27,1,94.48492239645743,688075,安旭生物,2022-12-28,85.69,500,42845.0,94.259,82.262,2023-01-18,87.86,43930.0,15,到期,11.14,55.35,66.49,1018.51,2.38,45218.09,46236.6
2023,2023-01-12,2,91.1847873861932,002095,生意宝,2023-01-13,22.13,2200,48686.0,24.343,21.245,2023-01-17,21.245,46738.56,3,止损,12.66,58.89,71.55,-2018.99,-4.15,50000.0,47981.01
2023,2023-01-31,2,72.4015202528931,300562,乐心医疗,2023-02-01,9.71,4900,47579.0,10.681,9.322,2023-02-16,10.681,52336.9,12,止盈,12.37,65.94,78.32,4679.58,9.83,47981.01,52660.6
2023,2023-02-16,2,86.95881177336193,002855,捷荣技术,2023-02-17,10.6,4900,51940.0,11.66,10.176,2023-02-27,10.176,49862.4,7,止损,13.5,62.83,76.33,-2153.93,-4.15,52660.6,50506.66
2023,2023-03-16,5,83.64163620771593,300427,红相股份,2023-03-17,14.52,3400,49368.0,15.972,13.939,2023-03-20,13.939,47393.28,2,止损,12.84,59.72,72.55,-2047.27,-4.15,50506.66,48459.39
2023,2023-04-25,4,91.54597720450548,300607,拓斯达,2023-04-26,11.58,4100,47478.0,12.738,11.117,2023-05-18,12.738,52225.8,14,止盈,12.34,65.8,78.15,4669.65,9.83,48459.39,53129.04
2023,2023-05-19,11,80.58298266374418,002425,凯撒文化,2023-05-22,5.37,9800,52626.0,5.907,5.155,2023-05-23,5.155,50520.96,2,止损,13.68,63.66,77.34,-2182.38,-4.15,53129.04,50946.67
2023,2023-06-06,11,83.71258314426532,688176,亚虹医药,2023-06-07,11.79,4300,50697.0,12.969,11.318,2023-06-08,11.318,48669.12,2,止损,13.18,61.32,74.5,-2102.38,-4.15,50946.67,48844.28
2023,2023-06-14,2,92.96737500438547,300753,爱朋医疗,2023-06-15,18.72,2600,48672.0,20.592,17.971,2023-06-26,17.95,46670.0,6,止损(低开),12.65,58.8,71.46,-2073.46,-4.26,48844.28,46770.82
2023,2023-06-28,4,83.98224714915995,300502,新易盛,2023-06-29,58.0,800,46400.0,63.8,55.68,2023-06-30,63.8,51040.0,2,止盈,12.06,64.31,76.37,4563.63,9.83,46770.82,51334.45
2023,2023-07-03,11,62.59111944419407,688156,路德科技,2023-07-04,26.88,1900,51072.0,29.568,25.805,2023-07-24,29.21,55499.0,15,到期,13.28,69.93,83.21,4343.79,8.5,51334.45,55678.24
2023,2023-07-25,3,71.0108830444895,000037,深南电A,2023-07-26,11.09,5000,55450.0,12.199,10.646,2023-07-27,10.646,53232.0,2,止损,14.42,67.07,81.49,-2299.49,-4.15,55678.24,53378.75
2023,2023-07-28,2,90.88242426416386,301386,未来电器,2023-07-31,26.93,1900,51167.0,29.623,25.853,2023-08-03,29.623,56283.7,4,止盈,13.3,70.92,84.22,5032.48,9.83,53378.75,58411.23
2023,2023-08-08,7,82.0863482242412,002864,盘龙药业,2023-08-09,35.55,1600,56880.0,39.105,34.128,2023-08-18,34.128,54604.8,8,止损,14.79,68.8,83.59,-2358.79,-4.15,58411.23,56052.44
2023,2023-08-18,10,81.48466658974034,002045,国光电器,2023-08-21,13.51,4100,55391.0,14.861,12.97,2023-08-22,12.97,53175.36,2,止损,14.4,67.0,81.4,-2297.04,-4.15,56052.44,53755.4
2023,2023-08-22,1,95.77613781325792,000411,英特集团,2023-08-23,11.67,4600,53682.0,12.837,11.203,2023-09-12,12.03,55338.0,15,到期,13.96,42.06,56.01,1599.99,2.98,53755.4,55355.38
2023,2023-09-12,2,86.70980226188796,300749,顶固集创,2023-09-13,9.01,6100,54961.0,9.911,8.65,2023-10-11,9.12,55632.0,15,到期,14.29,42.28,56.57,614.43,1.12,55355.38,55969.81
2023,2023-10-19,2,92.542737585773,300735,光弘科技,2023-10-20,17.6,3100,54560.0,19.36,16.896,2023-10-24,19.36,60016.0,3,止盈,14.19,45.61,59.8,5396.2,9.89,55969.81,61366.01
2023,2023-10-24,4,91.7172181007162,300502,新易盛,2023-10-25,33.95,1800,61110.0,37.345,32.592,2023-10-26,32.26,58068.0,2,止损(低开),15.89,44.13,60.02,-3102.02,-5.07,61366.01,58263.99
2023,2023-10-30,5,82.538874922198,002708,光洋股份,2023-10-31,7.7,7500,57750.0,8.47,7.392,2023-11-01,8.47,63525.0,2,止盈,15.02,48.28,63.29,5711.71,9.89,58263.99,63975.7
2023,2023-11-28,2,88.28046923556265,002103,广博股份,2023-11-29,7.22,8800,63536.0,7.942,6.931,2023-12-15,7.942,69889.6,13,止盈,16.52,53.12,69.64,6283.96,9.89,63975.7,70259.67
2023,2023-12-18,2,88.68151501531317,300538,同益股份,2023-12-19,18.37,3800,69806.0,20.207,17.635,2023-12-20,20.207,76786.6,2,止盈,18.15,58.36,76.51,6904.09,9.89,70259.67,77163.76
2023,2023-12-20,2,90.96860740323136,301499,维科精密,2023-12-21,30.45,2500,76125.0,33.495,29.232,2023-12-25,29.232,73080.0,3,止损,19.79,55.54,75.33,-3120.33,-4.1,77163.76,74043.42
2023,2023-12-25,8,85.0915674526121,603153,上海建科,2023-12-26,20.63,3500,72205.0,22.693,19.805,2023-12-27,19.805,69316.8,2,止损,18.77,52.68,71.45,-2959.65,-4.1,74043.42,71083.77
2023,2023-12-27,13,83.65512158348078,002712,思美传媒,2023-12-28,5.45,13000,70850.0,5.995,5.232,2024-01-16,5.232,68016.0,13,止损,18.42,51.69,70.11,-2904.11,-4.1,71083.77,68179.66
2024,2024-01-03,1,96.56991628011252,605133,嵘泰股份,2024-01-04,25.73,1900,48887.0,28.303,24.701,2024-01-08,24.701,46931.52,3,止损,12.71,35.67,48.38,-2003.86,-4.1,50000.0,47996.14
2024,2024-01-08,1,92.02313937756442,002632,道明光学,2024-01-09,8.35,5700,47595.0,9.185,8.016,2024-01-11,8.01,45657.0,3,止损(低开),12.37,34.7,47.07,-1985.07,-4.17,47996.14,46011.07
2024,2024-01-15,11,69.62929574849456,002660,茂硕电源,2024-01-16,10.17,4500,45765.0,11.187,9.763,2024-01-17,9.763,43934.4,2,止损,11.9,33.39,45.29,-1875.89,-4.1,46011.07,44135.18
2024,2024-01-18,10,80.26182749656539,601086,国芳集团,2024-01-19,5.56,7900,43924.0,6.116,5.338,2024-01-22,5.338,42167.04,2,止损,11.42,32.05,43.47,-1800.43,-4.1,44135.18,42334.75
2024,2024-01-22,12,88.41370706766922,603075,热威股份,2024-01-23,20.04,2100,42084.0,22.044,19.238,2024-02-01,19.0,39900.0,8,止损(低开),10.94,30.32,41.27,-2225.27,-5.29,42334.75,40109.49
2024,2024-02-01,7,86.66681639558438,603324,盛剑科技,2024-02-02,23.05,1700,39185.0,25.355,22.128,2024-02-05,21.55,36635.0,2,止损(低开),10.19,27.84,38.03,-2588.03,-6.6,40109.49,37521.45
2024,2024-02-05,1,95.68048017967806,605133,嵘泰股份,2024-02-06,16.53,2200,36366.0,18.183,15.869,2024-02-07,18.183,40002.6,2,止盈,9.46,30.4,39.86,3596.74,9.89,37521.45,41118.2
2024,2024-03-26,1,88.38312093945571,603011,合锻智能,2024-03-27,8.01,5100,40851.0,8.811,7.69,2024-04-08,7.69,39216.96,7,止损,10.62,29.8,40.43,-1674.47,-4.1,41118.2,39443.73
2024,2024-04-08,2,88.58947578520774,002611,东方精工,2024-04-09,6.61,5900,38999.0,7.271,6.346,2024-04-15,6.346,37439.04,5,止损,10.14,28.45,38.59,-1598.55,-4.1,39443.73,37845.18
2024,2024-04-16,3,92.98684204627293,301421,波长光电,2024-04-17,34.99,1000,34990.0,38.489,33.59,2024-04-18,38.489,38489.0,2,止盈,9.1,29.25,38.35,3460.65,9.89,37845.18,41305.83
2024,2024-04-18,1,87.72380655748317,002652,扬子新材,2024-04-19,2.07,19900,41193.0,2.277,1.987,2024-04-22,1.987,39545.28,2,止损,10.71,30.05,40.76,-1688.48,-4.1,41305.83,39617.34
2024,2024-04-22,4,87.27143212136956,301520,万邦医药,2024-04-23,41.79,900,37611.0,45.969,40.118,2024-04-30,45.969,41372.1,6,止盈,9.78,31.44,41.22,3719.88,9.89,39617.34,43337.22
2024,2024-04-30,1,87.12008183363848,300536,农尚环境,2024-05-06,11.23,3800,42674.0,12.353,10.781,2024-05-07,12.353,46941.4,2,止盈,11.1,35.68,46.77,4220.63,9.89,43337.22,47557.85
2024,2024-05-14,1,76.60448505225857,300721,怡达股份,2024-05-15,12.5,3800,47500.0,13.75,12.0,2024-05-28,13.75,52250.0,10,止盈,12.35,39.71,52.06,4697.94,9.89,47557.85,52255.79
2024,2024-05-29,7,63.16057553956834,000702,正虹科技,2024-05-30,5.83,8900,51887.0,6.413,5.597,2024-05-31,5.28,46992.0,2,止损(低开),13.49,35.71,49.2,-4944.2,-9.53,52255.79,47311.59
2024,2024-06-03,1,88.73467259339688,300644,南京聚隆,2024-06-04,22.6,2000,45200.0,24.86,21.696,2024-06-05,21.696,43392.0,2,止损,11.75,32.98,44.73,-1852.73,-4.1,47311.59,45458.86
2024,2024-06-06,7,90.77744820644664,300611,美力科技,2024-06-07,7.5,6000,45000.0,8.25,7.2,2024-06-25,7.19,43140.0,12,止损(低开),11.7,32.79,44.49,-1904.49,-4.23,45458.86,43554.37
2024,2024-06-27,9,87.6900488433177,600345,长江通信,2024-06-28,18.09,2400,43416.0,19.899,17.366,2024-07-03,17.366,41679.36,4,止损,11.29,31.68,42.96,-1779.6,-4.1,43554.37,41774.77
2024,2024-07-05,5,95.01622588223285,001696,宗申动力,2024-07-08,9.8,4200,41160.0,10.78,9.408,2024-07-09,9.408,39513.6,2,止损,10.7,30.03,40.73,-1687.13,-4.1,41774.77,40087.63
2024,2024-07-10,44,73.73814955943237,300730,科创信息,2024-07-11,10.41,3800,39558.0,11.451,9.994,2024-07-12,11.451,43513.8,2,止盈,10.29,33.07,43.36,3912.44,9.89,40087.63,44000.08
2024,2024-07-17,47,63.81200891693668,001336,楚环科技,2024-07-18,16.21,2700,43767.0,17.831,15.562,2024-07-24,15.562,42016.32,5,止损,11.38,31.93,43.31,-1793.99,-4.1,44000.08,42206.09
2024,2024-07-25,4,96.36262993271872,300469,信息发展,2024-07-26,12.58,3300,41514.0,13.838,12.077,2024-08-05,12.077,39853.44,7,止损,10.79,30.29,41.08,-1701.64,-4.1,42206.09,40504.45
2024,2024-08-08,2,90.64945007201534,300641,正丹股份,2024-08-09,21.81,1800,39258.0,23.991,20.938,2024-08-15,20.938,37687.68,5,止损,10.21,28.64,38.85,-1609.17,-4.1,40504.45,38895.28
2024,2024-08-15,5,84.97876597229329,301606,绿联科技,2024-08-16,29.9,1300,38870.0,32.89,28.704,2024-08-19,28.35,36855.0,2,止损(低开),10.11,28.01,38.12,-2053.12,-5.28,38895.28,36842.16
2024,2024-08-21,7,87.41352616360281,300411,金盾股份,2024-08-22,10.23,3600,36828.0,11.253,9.821,2024-08-23,9.821,35354.88,2,止损,9.58,26.87,36.44,-1509.56,-4.1,36842.16,35332.59
2024,2024-08-23,20,65.38953736654804,300718,长盛轴承,2024-08-26,12.7,2700,34290.0,13.97,12.192,2024-08-30,13.97,37719.0,5,止盈,8.92,28.67,37.58,3391.42,9.89,35332.59,38724.01
2024,2024-09-02,5,87.15111280770527,000628,高新发展,2024-09-03,35.16,1100,38676.0,38.676,33.754,2024-09-09,38.676,42543.6,5,止盈,10.06,32.33,42.39,3825.21,9.89,38724.01,42549.22
2024,2024-09-10,1,94.06392146863844,603004,鼎龙科技,2024-09-11,16.12,2600,41912.0,17.732,15.475,2024-09-27,17.732,46103.2,11,止盈,10.9,35.04,45.94,4145.26,9.89,42549.22,46694.49
2024,2024-10-11,2,89.84034329788108,300624,万兴科技,2024-10-14,55.4,800,44320.0,60.94,53.184,2024-10-15,60.94,48752.0,2,止盈,11.52,37.05,48.57,4383.43,9.89,46694.49,51077.91
2024,2024-10-15,1,88.73268077345634,688166,博瑞医药,2024-10-16,29.01,1700,49317.0,31.911,27.85,2024-10-17,31.911,54248.7,2,止盈,12.82,41.23,54.05,4877.65,9.89,51077.91,55955.56
2024,2024-10-17,10,81.62816077491685,301499,维科精密,2024-10-18,25.97,2100,54537.0,28.567,24.931,2024-10-22,28.567,59990.7,3,止盈,14.18,45.59,59.77,5393.93,9.89,55955.56,61349.49
2024,2024-10-24,1,67.39864891875595,300468,四方精创,2024-10-25,22.21,2700,59967.0,24.431,21.322,2024-10-28,21.29,57483.0,2,止损(低开),15.59,43.69,59.28,-2543.28,-4.24,61349.49,58806.21
2024,2024-11-01,1,79.84073227657298,300337,银邦股份,2024-11-04,17.0,3400,57800.0,18.7,16.32,2024-11-05,18.7,63580.0,2,止盈,15.03,48.32,63.35,5716.65,9.89,58806.21,64522.86
2024,2024-11-05,1,68.97676462396403,600198,大唐电信,2024-11-06,12.65,5000,63250.0,13.915,12.144,2024-11-07,12.0,60000.0,2,止损(低开),16.45,45.6,62.05,-3312.04,-5.24,64522.86,61210.82
2024,2024-11-13,1,60.052668658918215,603196,璞源材料,2024-11-14,14.88,4100,61008.0,16.368,14.285,2024-11-15,14.2,58220.0,2,止损(低开),15.86,44.25,60.11,-2848.11,-4.67,61210.82,58362.71
2024,2024-11-15,1,85.06864864864865,002510,天汽模,2024-11-18,6.1,9500,57950.0,6.71,5.856,2024-11-20,6.71,63745.0,3,止盈,15.07,48.45,63.51,5731.49,9.89,58362.71,64094.19
2024,2024-11-22,1,93.05776327137067,002388,新亚制程,2024-11-25,4.32,14800,63936.0,4.752,4.147,2024-11-26,4.12,60976.0,2,止损(低开),16.62,46.34,62.97,-3022.97,-4.73,64094.19,61071.23
2024,2024-11-27,2,87.92522427403111,603079,圣达生物,2024-11-28,15.28,3900,59592.0,16.808,14.669,2024-12-11,16.808,65551.2,10,止盈,15.49,49.82,65.31,5893.89,9.89,61071.23,66965.12
2024,2024-12-11,1,82.51705123020592,002301,齐心集团,2024-12-12,8.17,8100,66177.0,8.987,7.843,2024-12-13,8.987,72794.7,2,止盈,17.21,55.32,72.53,6545.17,9.89,66965.12,73510.29
2024,2024-12-13,2,55.73967542503865,002312,川发龙蟒,2024-12-16,16.35,4400,71940.0,17.985,15.696,2024-12-18,17.985,79134.0,3,止盈,18.7,60.14,78.85,7115.15,9.89,73510.29,80625.44
2024,2024-12-18,1,82.16477732793523,600979,广安爱众,2024-12-19,5.6,14300,80080.0,6.16,5.376,2024-12-20,5.33,76219.0,2,止损(低开),20.82,57.93,78.75,-3939.75,-4.92,80625.44,76685.69
2024,2024-12-20,1,95.34571763266368,002862,实丰文化,2024-12-23,32.61,2300,75003.0,35.871,31.306,2024-12-24,29.12,66976.0,2,止损(低开),19.5,50.9,70.4,-8097.4,-10.79,76685.69,68588.29
2024,2024-12-25,7,80.53273699203444,300355,蒙草生态,2024-12-26,5.45,12500,68125.0,5.995,5.232,2024-12-31,5.232,65400.0,4,止损,17.71,49.7,67.42,-2792.42,-4.1,68588.29,65795.87
2024,2024-12-31,12,82.20927036473799,301566,达利凯普,2025-01-02,16.6,3900,64740.0,18.26,15.936,2025-01-03,15.936,62150.4,2,止损,16.83,47.23,64.07,-2653.67,-4.1,65795.87,63142.21
2025,2025-03-27,1,88.00198027608546,300895,铜牛信息,2025-03-28,47.94,1000,47940.0,52.734,46.022,2025-03-31,52.734,52734.0,2,止盈,12.46,40.08,52.54,4741.46,9.89,50000.0,54741.46
2025,2025-04-07,1,86.0196975425331,300798,锦鸡股份,2025-04-08,6.25,8700,54375.0,6.875,6.0,2025-04-09,6.0,52200.0,2,止损,14.14,39.67,53.81,-2228.81,-4.1,54741.46,52512.65
2025,2025-04-29,2,87.91359875030673,001256,炜冈科技,2025-04-30,21.1,2400,50640.0,23.21,20.256,2025-05-06,23.21,55704.0,2,止盈,13.17,42.34,55.5,5008.5,9.89,52512.65,57521.15
2025,2025-05-13,1,92.84300086358196,003003,天元股份,2025-05-14,11.69,4900,57281.0,12.859,11.222,2025-05-27,12.859,63009.1,10,止盈,14.89,47.89,62.78,5665.32,9.89,57521.15,63186.47
2025,2025-05-27,1,94.95502602104416,002813,路畅科技,2025-05-28,23.42,2600,60892.0,25.762,22.483,2025-06-10,22.483,58456.32,9,止损,15.83,44.43,60.26,-2495.94,-4.1,63186.47,60690.53
2025,2025-06-10,1,92.62299817955164,002136,安纳达,2025-06-11,10.71,5600,59976.0,11.781,10.282,2025-06-19,10.282,57576.96,7,止损,15.59,43.76,59.35,-2458.39,-4.1,60690.53,58232.14
2025,2025-06-19,4,90.42296594756716,001230,劲旅环境,2025-06-20,19.84,2900,57536.0,21.824,19.046,2025-07-07,21.824,63289.6,12,止盈,14.96,48.1,63.06,5690.54,9.89,58232.14,63922.68
2025,2025-07-10,1,91.211876782926,002826,易明医药,2025-07-11,17.97,3500,62895.0,19.767,17.251,2025-07-23,19.767,69184.5,9,止盈,16.35,52.58,68.93,6220.57,9.89,63922.68,70143.24
2025,2025-07-28,1,96.56889583295084,000607,华媒控股,2025-07-29,4.92,14200,69864.0,5.412,4.723,2025-07-30,4.723,67069.44,2,止损,18.16,50.97,69.14,-2863.7,-4.1,70143.24,67279.55
2025,2025-08-01,1,98.02400432562187,001298,好上好,2025-08-04,28.1,2300,64630.0,30.91,26.976,2025-08-07,30.91,71093.0,4,止盈,16.8,54.03,70.83,6392.17,9.89,67279.55,73671.71
2025,2025-08-08,3,90.9330292065886,001226,拓山重工,2025-08-11,36.37,2000,72740.0,40.007,34.915,2025-08-15,34.9,69800.0,5,止损(低开),18.91,53.05,71.96,-3011.96,-4.14,73671.71,70659.75
2025,2025-08-15,1,95.31105678688904,300069,金利华电,2025-08-18,21.6,3200,69120.0,23.76,20.736,2025-08-27,20.736,66355.2,8,止损,17.97,50.43,68.4,-2833.2,-4.1,70659.75,67826.55
2025,2025-08-27,4,84.22265757288554,002795,永和智控,2025-08-28,4.92,13700,67404.0,5.412,4.723,2025-09-17,5.0,68500.0,15,到期,17.53,52.06,69.59,1026.41,1.52,67826.55,68852.97
2025,2025-09-18,2,84.81156932077535,300192,科德教育,2025-09-19,19.33,3500,67655.0,21.263,18.557,2025-09-29,18.557,64948.8,7,止损,17.59,49.36,66.95,-2773.15,-4.1,68852.97,66079.81
2025,2025-09-29,4,86.69114149558129,300111,向日葵,2025-09-30,7.58,8700,65946.0,8.338,7.277,2025-10-10,7.277,63308.16,3,止损,17.15,48.11,65.26,-2703.1,-4.1,66079.81,63376.71
2025,2025-10-13,2,89.06618622936527,301488,豪恩汽电,2025-10-14,157.0,400,62800.0,172.7,150.72,2025-10-15,149.9,59960.0,2,止损(低开),16.33,45.57,61.9,-2901.9,-4.62,63376.71,60474.82
2025,2025-10-16,4,85.77294532153266,600376,首开股份,2025-10-17,6.0,10000,60000.0,6.6,5.76,2025-10-21,6.6,66000.0,3,止盈,15.6,50.16,65.76,5934.24,9.89,60474.82,66409.06
2025,2025-10-21,5,79.01158750646238,301137,哈焊华通,2025-10-22,44.68,1400,62552.0,49.148,42.893,2025-10-23,49.148,68807.2,2,止盈,16.26,52.29,68.56,6186.64,9.89,66409.06,72595.7
2025,2025-10-23,3,85.98081444927367,300141,和顺电气,2025-10-24,11.45,6300,72135.0,12.595,10.992,2025-11-05,12.595,79348.5,9,止盈,18.76,60.3,79.06,7134.44,9.89,72595.7,79730.14
2025,2025-11-06,1,90.57961763062478,301117,佳缘科技,2025-11-07,31.62,2500,79050.0,34.782,30.355,2025-11-10,34.782,86955.0,2,止盈,20.55,66.09,86.64,7818.36,9.89,79730.14,87548.5
2025,2025-11-14,2,84.92752293577982,603759,海天股份,2025-11-17,11.34,7700,87318.0,12.474,10.886,2025-11-19,10.886,83825.28,3,止损,22.7,63.71,86.41,-3579.13,-4.1,87548.5,83969.37
2025,2025-11-21,2,90.27814726405278,300680,隆盛科技,2025-11-24,42.4,1900,80560.0,46.64,40.704,2025-11-26,46.64,88616.0,3,止盈,20.95,67.35,88.29,7967.71,9.89,83969.37,91937.08
2025,2025-11-26,1,93.14717672012404,000572,海马汽车,2025-11-27,8.77,10400,91208.0,9.647,8.419,2025-12-02,9.647,100328.8,4,止盈,23.71,76.25,99.96,9020.84,9.89,91937.08,100957.91
2025,2025-12-02,4,86.6571587389353,688237,超卓航科,2025-12-03,45.97,2100,96537.0,50.567,44.131,2025-12-05,50.567,106190.7,3,止盈,25.1,80.7,105.8,9547.9,9.89,100957.91,110505.81
2025,2025-12-09,1,92.65883367543942,002759,天际股份,2025-12-10,35.0,3100,108500.0,38.5,33.6,2025-12-12,33.6,104160.0,3,止损,28.21,79.16,107.37,-4447.37,-4.1,110505.81,106058.44
2025,2025-12-12,3,91.89601944484052,301001,凯淳股份,2025-12-15,29.3,3600,105480.0,32.23,28.128,2025-12-16,28.128,101260.8,2,止损,27.42,76.96,104.38,-4323.58,-4.1,106058.44,101734.85
2025,2025-12-16,1,89.15400184594458,605299,舒华体育,2025-12-17,11.81,8600,101566.0,12.991,11.338,2025-12-18,11.32,97352.0,2,止损(低开),26.41,73.99,100.39,-4314.39,-4.25,101734.85,97420.46
2025,2025-12-18,12,84.22214514029662,002235,安妮股份,2025-12-19,10.4,9300,96720.0,11.44,9.984,2025-12-25,11.44,106392.0,5,止盈,25.15,80.86,106.01,9565.99,9.89,97420.46,106986.45
2025,2025-12-25,2,87.53054802813807,600250,南京商旅,2025-12-26,11.99,8900,106711.0,13.189,11.51,2025-12-30,11.51,102442.56,3,止损,27.74,77.86,105.6,-4374.04,-4.1,106986.45,102612.41
2025,2025-12-31,2,85.35959272843911,002910,庄园牧场,2026-01-05,11.11,9200,102212.0,12.221,10.666,2026-01-15,12.221,112433.2,9,止盈,26.58,85.45,112.02,10109.18,9.89,102612.41,112721.59
2026年1-5月,2026-01-05,1,96.24605878571516,002910,庄园牧场,2026-01-06,11.19,4400,49236.0,12.309,10.742,2026-01-15,12.309,54159.6,8,止盈,12.8,41.16,53.96,4869.64,9.89,50000.0,54869.64
2026年1-5月,2026-01-15,2,89.89164300528765,301687,新广益,2026-01-16,63.01,800,50408.0,69.311,60.49,2026-01-28,60.49,48391.68,9,止损,13.11,36.78,49.88,-2066.2,-4.1,54869.64,52803.43
2026年1-5月,2026-01-29,4,85.69772786068849,301023,奕帆传动,2026-01-30,47.17,1100,51887.0,51.887,45.283,2026-02-27,47.08,51788.0,15,到期,13.49,39.36,52.85,-151.85,-0.29,52803.43,52651.58
2026年1-5月,2026-03-02,1,96.7841050296001,605033,美邦股份,2026-03-03,23.6,2200,51920.0,25.96,22.656,2026-03-04,22.55,49610.0,2,止损(低开),13.5,37.7,51.2,-2361.2,-4.55,52651.58,50290.38
2026年1-5月,2026-03-04,1,98.48868947809572,300986,志特新材,2026-03-05,28.01,1700,47617.0,30.811,26.89,2026-03-09,26.59,45203.0,3,止损(低开),12.38,34.35,46.73,-2460.73,-5.17,50290.38,47829.65
2026年1-5月,2026-03-09,9,85.23720538437694,688680,海优新材,2026-03-10,51.86,900,46674.0,57.046,49.786,2026-03-16,49.77,44793.0,5,止损(低开),12.14,34.04,46.18,-1927.18,-4.13,47829.65,45902.47
2026年1-5月,2026-03-16,9,87.97612979265564,301226,祥明智能,2026-03-17,35.1,1300,45630.0,38.61,33.696,2026-03-18,43.03,55939.0,2,止盈(高开),11.86,42.51,54.38,10254.62,22.47,45902.47,56157.09
2026年1-5月,2026-03-19,1,94.6338959000766,300461,田中精机,2026-03-20,44.07,1200,52884.0,48.477,42.307,2026-03-23,42.307,50768.64,2,止损,13.75,38.58,52.33,-2167.69,-4.1,56157.09,53989.4
2026年1-5月,2026-03-23,1,95.7775035118479,600345,长江通信,2026-03-24,35.8,1500,53700.0,39.38,34.368,2026-03-25,39.38,59070.0,2,止盈,13.96,44.89,58.86,5311.14,9.89,53989.4,59300.54
2026年1-5月,2026-03-26,7,88.31475453649368,002413,雷科防务,2026-03-27,12.35,4800,59280.0,13.585,11.856,2026-03-31,13.585,65208.0,3,止盈,15.41,49.56,64.97,5863.03,9.89,59300.54,65163.57
2026年1-5月,2026-03-31,14,84.72187626346081,301687,新广益,2026-04-01,52.5,1200,63000.0,57.75,50.4,2026-04-03,50.4,60480.0,3,止损,16.38,45.96,62.34,-2582.34,-4.1,65163.57,62581.23
2026年1-5月,2026-04-03,12,86.88566185083954,600722,金牛化工,2026-04-07,13.46,4600,61916.0,14.806,12.922,2026-04-08,14.806,68107.6,2,止盈,16.1,51.76,67.86,6123.74,9.89,62581.23,68704.97
2026年1-5月,2026-04-08,7,73.16534866586244,002150,正泰电源,2026-04-09,29.5,2300,67850.0,32.45,28.32,2026-04-10,32.99,75877.0,2,止盈(高开),17.64,57.67,75.31,7951.69,11.72,68704.97,76656.66
2026年1-5月,2026-04-10,12,70.76744193690529,603017,中衡设计,2026-04-13,13.36,5700,76152.0,14.696,12.826,2026-04-16,12.826,73105.92,4,止损,19.8,55.56,75.36,-3121.44,-4.1,76656.66,73535.22
2026年1-5月,2026-04-20,5,83.36379310344829,600636,退市国化,2026-04-21,5.69,12900,73401.0,6.259,5.462,2026-04-22,6.259,80741.1,2,止盈,19.08,61.36,80.45,7259.65,9.89,73535.22,80794.87
2026年1-5月,2026-04-23,1,91.42458896660078,603787,新日股份,2026-04-24,12.0,6700,80400.0,13.2,11.52,2026-05-14,11.52,77184.0,12,止损,20.9,58.66,79.56,-3295.56,-4.1,80794.87,77499.31
2026年1-5月,2026-05-15,5,84.52134032750715,605287,德才股份,2026-05-18,48.1,1600,76960.0,52.91,46.176,2026-05-25,52.91,84656.0,6,止盈,20.01,64.34,84.35,7611.65,9.89,77499.31,85110.96
2026年1-5月,2026-05-25,7,92.62219496417076,603399,永杉锂业,2026-05-26,17.27,4900,84623.0,18.997,16.579,2026-05-28,16.579,81238.08,3,止损,22.0,61.74,83.74,-3468.66,-4.1,85110.96,81642.3
2026年1-5月,2026-05-28,21,86.30126423094914,603520,司太立,2026-05-29,10.79,7500,80925.0,11.869,10.358,2026-06-01,10.25,76875.0,2,止损(低开),21.04,58.42,79.47,-4129.47,-5.1,81642.3,77512.83
2026-至今,2026-01-05,1,96.24605878571516,002910,庄园牧场,2026-01-06,11.19,4400,49236.0,12.309,10.742,2026-01-15,12.309,54159.6,8,止盈,12.8,41.16,53.96,4869.64,9.89,50000.0,54869.64
2026-至今,2026-01-15,2,89.89164300528765,301687,新广益,2026-01-16,63.01,800,50408.0,69.311,60.49,2026-01-28,60.49,48391.68,9,止损,13.11,36.78,49.88,-2066.2,-4.1,54869.64,52803.43
2026-至今,2026-01-29,4,85.69772786068849,301023,奕帆传动,2026-01-30,47.17,1100,51887.0,51.887,45.283,2026-02-27,47.08,51788.0,15,到期,13.49,39.36,52.85,-151.85,-0.29,52803.43,52651.58
2026-至今,2026-03-02,1,96.7841050296001,605033,美邦股份,2026-03-03,23.6,2200,51920.0,25.96,22.656,2026-03-04,22.55,49610.0,2,止损(低开),13.5,37.7,51.2,-2361.2,-4.55,52651.58,50290.38
2026-至今,2026-03-04,1,98.48868947809572,300986,志特新材,2026-03-05,28.01,1700,47617.0,30.811,26.89,2026-03-09,26.59,45203.0,3,止损(低开),12.38,34.35,46.73,-2460.73,-5.17,50290.38,47829.65
2026-至今,2026-03-09,9,85.23720538437694,688680,海优新材,2026-03-10,51.86,900,46674.0,57.046,49.786,2026-03-16,49.77,44793.0,5,止损(低开),12.14,34.04,46.18,-1927.18,-4.13,47829.65,45902.47
2026-至今,2026-03-16,9,87.97612979265564,301226,祥明智能,2026-03-17,35.1,1300,45630.0,38.61,33.696,2026-03-18,43.03,55939.0,2,止盈(高开),11.86,42.51,54.38,10254.62,22.47,45902.47,56157.09
2026-至今,2026-03-19,1,94.6338959000766,300461,田中精机,2026-03-20,44.07,1200,52884.0,48.477,42.307,2026-03-23,42.307,50768.64,2,止损,13.75,38.58,52.33,-2167.69,-4.1,56157.09,53989.4
2026-至今,2026-03-23,1,95.7775035118479,600345,长江通信,2026-03-24,35.8,1500,53700.0,39.38,34.368,2026-03-25,39.38,59070.0,2,止盈,13.96,44.89,58.86,5311.14,9.89,53989.4,59300.54
2026-至今,2026-03-26,7,88.31475453649368,002413,雷科防务,2026-03-27,12.35,4800,59280.0,13.585,11.856,2026-03-31,13.585,65208.0,3,止盈,15.41,49.56,64.97,5863.03,9.89,59300.54,65163.57
2026-至今,2026-03-31,14,84.72187626346081,301687,新广益,2026-04-01,52.5,1200,63000.0,57.75,50.4,2026-04-03,50.4,60480.0,3,止损,16.38,45.96,62.34,-2582.34,-4.1,65163.57,62581.23
2026-至今,2026-04-03,12,86.88566185083954,600722,金牛化工,2026-04-07,13.46,4600,61916.0,14.806,12.922,2026-04-08,14.806,68107.6,2,止盈,16.1,51.76,67.86,6123.74,9.89,62581.23,68704.97
2026-至今,2026-04-08,7,73.16534866586244,002150,正泰电源,2026-04-09,29.5,2300,67850.0,32.45,28.32,2026-04-10,32.99,75877.0,2,止盈(高开),17.64,57.67,75.31,7951.69,11.72,68704.97,76656.66
2026-至今,2026-04-10,12,70.76744193690529,603017,中衡设计,2026-04-13,13.36,5700,76152.0,14.696,12.826,2026-04-16,12.826,73105.92,4,止损,19.8,55.56,75.36,-3121.44,-4.1,76656.66,73535.22
2026-至今,2026-04-20,5,83.36379310344829,600636,退市国化,2026-04-21,5.69,12900,73401.0,6.259,5.462,2026-04-22,6.259,80741.1,2,止盈,19.08,61.36,80.45,7259.65,9.89,73535.22,80794.87
2026-至今,2026-04-23,1,91.42458896660078,603787,新日股份,2026-04-24,12.0,6700,80400.0,13.2,11.52,2026-05-14,11.52,77184.0,12,止损,20.9,58.66,79.56,-3295.56,-4.1,80794.87,77499.31
2026-至今,2026-05-15,5,84.52134032750715,605287,德才股份,2026-05-18,48.1,1600,76960.0,52.91,46.176,2026-05-25,52.91,84656.0,6,止盈,20.01,64.34,84.35,7611.65,9.89,77499.31,85110.96
2026-至今,2026-05-25,7,92.62219496417076,603399,永杉锂业,2026-05-26,17.27,4900,84623.0,18.997,16.579,2026-05-28,16.579,81238.08,3,止损,22.0,61.74,83.74,-3468.66,-4.1,85110.96,81642.3
2026-至今,2026-05-28,21,86.30126423094914,603520,司太立,2026-05-29,10.79,7500,80925.0,11.869,10.358,2026-06-01,10.25,76875.0,2,止损(低开),21.04,58.42,79.47,-4129.47,-5.1,81642.3,77512.83
2026-至今,2026-06-01,10,90.36383829897214,002902,铭普光磁,2026-06-02,31.72,2400,76128.0,34.892,30.451,2026-06-05,34.892,83740.8,3,止盈,19.79,63.64,83.44,7529.36,9.89,77512.83,85042.19
2026-至今,2026-06-08,15,87.52597682829777,688512,慧智微,2026-06-09,12.68,6700,84956.0,13.948,12.173,2026-06-12,13.98,93666.0,4,止盈(高开),22.09,71.19,93.27,8616.73,10.14,85042.19,93658.92
2021-至今连续,2021-02-05,1,83.17360947816427,600121,郑州煤电,2021-02-08,4.82,10300,49646.0,5.302,4.627,2021-02-09,5.302,54610.6,2,止盈,12.91,68.81,81.72,4882.88,9.83,50000.0,54882.88
2021-至今连续,2021-04-14,3,76.97706297777526,603222,济民健康,2021-04-15,16.4,3300,54120.0,18.04,15.744,2021-04-16,15.744,51955.2,2,止损,14.07,65.46,79.53,-2244.33,-4.15,54882.88,52638.55
2021-至今连续,2021-04-26,1,86.23157576778118,002222,福晶科技,2021-04-27,15.59,3300,51447.0,17.149,14.966,2021-04-28,14.966,49389.12,2,止损,13.38,62.23,75.61,-2133.49,-4.15,52638.55,50505.06
2021-至今连续,2021-06-29,1,80.53939088849631,002679,福建金森,2021-06-30,18.78,2600,48828.0,20.658,18.029,2021-07-01,18.029,46874.88,2,止损,12.7,59.06,71.76,-2024.88,-4.15,50505.06,48480.18
2021-至今连续,2021-07-28,3,79.49807375284841,605337,李子园,2021-07-29,44.72,1000,44720.0,49.192,42.931,2021-08-09,49.192,49192.0,8,止盈,11.63,61.98,73.61,4398.39,9.83,48480.18,52878.57
2021-至今连续,2021-08-27,1,87.50459365963584,688317,之江生物,2021-08-30,52.5,1000,52500.0,57.75,50.4,2021-08-31,50.4,50400.0,2,止损,13.65,63.5,77.15,-2177.15,-4.15,52878.57,50701.42
2021-至今连续,2021-09-08,1,84.92945849774685,605117,德业股份,2021-09-09,175.0,200,35000.0,192.5,168.0,2021-09-10,192.5,38500.0,2,止盈,9.1,48.51,57.61,3442.39,9.83,50701.42,54143.81
2021-至今连续,2021-09-27,2,89.13434876976807,300688,创业黑马,2021-09-28,28.98,1800,52164.0,31.878,27.821,2021-09-29,31.878,57380.4,2,止盈,13.56,72.3,85.86,5130.54,9.83,54143.81,59274.35
2021-至今连续,2021-09-29,1,90.14031689257553,300505,川金诺,2021-09-30,34.43,1700,58531.0,37.873,33.053,2021-10-08,38.4,65280.0,2,止盈(高开),15.22,82.25,97.47,6651.53,11.36,59274.35,65925.88
2021-至今连续,2021-10-13,4,87.54754533219376,300437,清水源,2021-10-14,16.57,3900,64623.0,18.227,15.907,2021-10-20,18.227,71085.3,5,止盈,16.8,89.57,106.37,6355.93,9.83,65925.88,72281.81
2021-至今连续,2021-12-17,1,85.0534032556247,688280,精进电动,2021-12-20,16.27,4400,71588.0,17.897,15.619,2021-12-27,15.619,68724.48,6,止损,18.61,86.59,105.21,-2968.73,-4.15,72281.81,69313.08
2021-至今连续,2021-12-27,2,90.95811527378852,002357,富临运业,2021-12-28,6.56,10500,68880.0,7.216,6.298,2022-01-04,6.298,66124.8,5,止损,17.91,83.32,101.23,-2856.43,-4.15,69313.08,66456.66
2021-至今连续,2022-01-19,2,84.7148087886503,688317,之江生物,2022-01-20,57.0,1100,62700.0,62.7,54.72,2022-01-21,52.5,57750.0,2,止损(低开),16.3,72.77,89.07,-5039.07,-8.03,66456.66,61417.59
2021-至今连续,2022-01-21,2,87.80811644346966,002256,兆新股份,2022-01-24,3.72,16500,61380.0,4.092,3.571,2022-01-26,3.39,55935.0,3,止损(低开),15.96,70.48,86.44,-5531.44,-9.01,61417.59,55886.15
2021-至今连续,2022-01-26,1,99.48538152610436,002584,西陇科学,2022-01-27,9.2,6000,55200.0,10.12,8.832,2022-01-28,8.832,52992.0,2,止损,14.35,66.77,81.12,-2289.12,-4.15,55886.15,53597.03
2021-至今连续,2022-02-07,4,88.19689405120972,300447,全信股份,2022-02-08,17.1,3100,53010.0,18.81,16.416,2022-02-09,18.81,58311.0,2,止盈,13.78,73.47,87.25,5213.75,9.83,53597.03,58810.78
2021-至今连续,2022-02-25,3,85.54370071782486,002104,恒宝股份,2022-02-28,13.2,4400,58080.0,14.52,12.672,2022-03-01,12.41,54604.0,2,止损(低开),15.1,68.8,83.9,-3559.9,-6.13,58810.78,55250.87
2021-至今连续,2022-03-03,2,88.62492671652454,300561,汇金科技,2022-03-04,13.23,4100,54243.0,14.553,12.701,2022-03-07,12.701,52073.28,2,止损,14.1,65.61,79.72,-2249.44,-4.15,55250.87,53001.44
2021-至今连续,2022-03-08,2,88.88497945313841,688005,容百科技,2022-03-09,108.0,400,43200.0,118.8,103.68,2022-03-10,120.0,48000.0,2,止盈(高开),11.23,60.48,71.71,4728.29,10.94,53001.44,57729.73
2021-至今连续,2022-03-16,1,88.48886782701464,688075,安旭生物,2022-03-17,227.88,200,45576.0,250.668,218.765,2022-03-18,250.668,50133.6,2,止盈,11.85,63.17,75.02,4482.58,9.83,57729.73,62212.31
2021-至今连续,2022-04-07,1,86.75918429987775,002069,獐子岛,2022-04-08,4.05,15300,61965.0,4.455,3.888,2022-04-11,3.86,59058.0,2,止损(低开),16.11,74.41,90.52,-2997.52,-4.84,62212.31,59214.78
2021-至今连续,2022-04-11,1,94.04393996094704,002657,中科金财,2022-04-12,17.15,3400,58310.0,18.865,16.464,2022-04-13,16.464,55977.6,2,止损,15.16,70.53,85.69,-2418.09,-4.15,59214.78,56796.69
2021-至今连续,2022-04-13,1,88.98483018168935,603122,合富中国,2022-04-14,14.2,3900,55380.0,15.62,13.632,2022-04-15,15.64,60996.0,2,止盈(高开),14.4,76.85,91.25,5524.75,9.97,56796.69,62321.44
2021-至今连续,2022-04-15,3,90.5050932419116,300387,富邦科技,2022-04-18,8.3,7500,62250.0,9.13,7.968,2022-04-19,9.13,68475.0,2,止盈,16.19,86.28,102.46,6122.54,9.83,62321.44,68443.98
2021-至今连续,2022-04-20,1,89.54558944916708,002603,以岭药业,2022-04-21,29.62,2300,68126.0,32.582,28.435,2022-04-22,28.435,65400.96,2,止损,17.71,82.41,100.12,-2825.16,-4.15,68443.98,65618.82
2021-至今连续,2022-04-26,1,91.90618351927824,000430,张家界,2022-04-27,5.16,12700,65532.0,5.676,4.954,2022-05-13,5.676,72085.2,10,止盈,17.04,90.83,107.87,6445.33,9.83,65618.82,72064.15
2021-至今连续,2022-05-17,2,80.28672750420489,603078,江化微,2022-05-18,23.89,3000,71670.0,26.279,22.934,2022-05-24,22.934,68803.2,5,止损,18.63,86.69,105.33,-2972.13,-4.15,72064.15,69092.03
2021-至今连续,2022-05-31,3,89.10288005131356,688317,之江生物,2022-06-01,38.88,1700,66096.0,42.768,37.325,2022-06-14,37.325,63452.16,9,止损,17.18,79.95,97.13,-2740.97,-4.15,69092.03,66351.05
2021-至今连续,2022-06-15,1,91.7474019940639,001212,中旗新材,2022-06-16,47.53,1300,61789.0,52.283,45.629,2022-06-17,52.283,67967.9,2,止盈,16.07,85.64,101.7,6077.2,9.83,66351.05,72428.25
2021-至今连续,2022-06-29,1,86.4825,000017,深中华A,2022-06-30,4.52,16000,72320.0,4.972,4.339,2022-07-04,4.339,69427.2,3,止损,18.8,87.48,106.28,-2999.08,-4.15,72428.25,69429.16
2021-至今连续,2022-07-04,2,77.38129803955769,000037,深南电A,2022-07-05,8.12,8500,69020.0,8.932,7.795,2022-07-13,7.795,66259.2,7,止损,17.95,83.49,101.43,-2862.23,-4.15,69429.16,66566.93
2021-至今连续,2022-07-22,1,89.16072524080244,002796,世嘉科技,2022-07-25,10.84,6100,66124.0,11.924,10.406,2022-07-26,10.4,63440.0,2,止损(低开),17.19,79.93,97.13,-2781.13,-4.2,66566.93,63785.81
2021-至今连续,2022-08-05,3,85.61868627306818,002666,德联集团,2022-08-08,6.0,10600,63600.0,6.6,5.76,2022-08-17,6.6,69960.0,8,止盈,16.54,88.15,104.69,6255.31,9.83,63785.81,70041.12
2021-至今连续,2022-08-25,2,85.98817348443448,688160,步科股份,2022-08-26,41.25,1600,66000.0,45.375,39.6,2022-08-30,39.6,63360.0,3,止损,17.16,79.83,96.99,-2736.99,-4.15,70041.12,67304.13
2021-至今连续,2022-08-31,2,93.6815962740386,001212,中旗新材,2022-09-01,27.87,2400,66888.0,30.657,26.755,2022-09-02,30.657,73576.8,2,止盈,17.39,92.71,110.1,6578.7,9.83,67304.13,73882.83
2021-至今连续,2022-09-05,5,89.34126021192671,002045,国光电器,2022-09-06,13.07,5600,73192.0,14.377,12.547,2022-09-09,12.547,70264.32,4,止损,19.03,88.53,107.56,-3035.24,-4.15,73882.83,70847.59
2021-至今连续,2022-09-14,5,67.122737142972,002115,三维通信,2022-09-15,5.19,13600,70584.0,5.709,4.982,2022-09-16,4.97,67592.0,2,止损(低开),18.35,85.17,103.52,-3095.52,-4.38,70847.59,67752.07
2021-至今连续,2022-09-19,14,83.55185185185185,002278,神开股份,2022-09-20,4.99,13500,67365.0,5.489,4.79,2022-09-30,4.79,64670.4,9,止损,17.51,81.48,99.0,-2793.6,-4.15,67752.07,64958.47
2021-至今连续,2022-09-30,12,89.10932350682626,000678,襄阳轴承,2022-10-10,5.49,11800,64782.0,6.039,5.27,2022-10-17,6.039,71260.2,6,止盈,16.84,89.79,106.63,6371.57,9.83,64958.47,71330.04
2021-至今连续,2022-10-26,1,84.61644273942751,603363,傲农生物,2022-10-27,13.51,5200,70252.0,14.861,12.97,2022-10-28,12.97,67441.92,2,止损,18.27,84.98,103.24,-2913.32,-4.15,71330.04,68416.72
2021-至今连续,2022-10-31,2,92.925654313248,002137,实益达,2022-11-01,6.17,11000,67870.0,6.787,5.923,2022-11-15,6.787,74657.0,11,止盈,17.65,94.07,111.71,6675.29,9.83,68416.72,75092.0
2021-至今连续,2022-11-24,1,92.48644292858692,002279,久其软件,2022-11-25,6.06,12300,74538.0,6.666,5.818,2022-12-08,5.818,71556.48,10,止损,19.38,90.16,109.54,-3091.06,-4.15,75092.0,72000.94
2021-至今连续,2022-12-08,1,93.17316662047244,688137,近岸蛋白,2022-12-09,87.78,800,70224.0,96.558,84.269,2022-12-13,84.269,67415.04,3,止损,18.26,84.94,103.2,-2912.16,-4.15,72000.94,69088.78
2021-至今连续,2022-12-20,5,80.53915230993091,002603,以岭药业,2022-12-21,38.86,1700,66062.0,42.746,37.306,2022-12-22,37.306,63419.52,2,止损,17.18,79.91,97.08,-2739.56,-4.15,69088.78,66349.21
2021-至今连续,2022-12-22,3,88.39701105680432,300434,金石亚药,2022-12-23,16.12,4100,66092.0,17.732,15.475,2022-12-27,15.475,63448.32,3,止损,17.18,79.94,97.13,-2740.81,-4.15,66349.21,63608.41
2021-至今连续,2022-12-27,1,94.48492239645743,688075,安旭生物,2022-12-28,85.69,700,59983.0,94.259,82.262,2023-01-18,87.86,61502.0,15,到期,15.6,77.49,93.09,1425.91,2.38,63608.41,65034.32
2021-至今连续,2023-01-18,6,84.78032815297607,002095,生意宝,2023-01-19,20.62,3100,63922.0,22.682,19.795,2023-02-02,22.682,70314.2,6,止盈,16.62,88.6,105.22,6286.98,9.83,65034.32,71321.3
2021-至今连续,2023-02-08,1,83.18035890672584,002785,万里石,2023-02-09,24.46,2900,70934.0,26.906,23.482,2023-03-01,24.73,71717.0,15,到期,18.44,90.36,108.81,674.19,0.95,71321.3,71995.5
2021-至今连续,2023-03-16,5,83.64163620771593,300427,红相股份,2023-03-17,14.52,4900,71148.0,15.972,13.939,2023-03-20,13.939,68302.08,2,止损,18.5,86.06,104.56,-2950.48,-4.15,71995.5,69045.02
2021-至今连续,2023-04-25,4,91.54597720450548,300607,拓斯达,2023-04-26,11.58,5900,68322.0,12.738,11.117,2023-05-18,12.738,75154.2,14,止盈,17.76,94.69,112.46,6719.74,9.83,69045.02,75764.76
2021-至今连续,2023-05-19,11,80.58298266374418,002425,凯撒文化,2023-05-22,5.37,14100,75717.0,5.907,5.155,2023-05-23,5.155,72688.32,2,止损,19.69,91.59,111.27,-3139.95,-4.15,75764.76,72624.8
2021-至今连续,2023-06-06,11,83.71258314426532,688176,亚虹医药,2023-06-07,11.79,6100,71919.0,12.969,11.318,2023-06-08,11.318,69042.24,2,止损,18.7,86.99,105.69,-2982.45,-4.15,72624.8,69642.35
2021-至今连续,2023-06-14,2,92.96737500438547,300753,爱朋医疗,2023-06-15,18.72,3700,69264.0,20.592,17.971,2023-06-26,17.95,66415.0,6,止损(低开),18.01,83.68,101.69,-2950.69,-4.26,69642.35,66691.66
2021-至今连续,2023-06-28,4,83.98224714915995,300502,新易盛,2023-06-29,58.0,1100,63800.0,63.8,55.68,2023-06-30,63.8,70180.0,2,止盈,16.59,88.43,105.01,6274.99,9.83,66691.66,72966.65
2021-至今连续,2023-07-03,11,62.59111944419407,688156,路德科技,2023-07-04,26.88,2700,72576.0,29.568,25.805,2023-07-24,29.21,78867.0,15,到期,18.87,99.37,118.24,6172.76,8.5,72966.65,79139.4
2021-至今连续,2023-07-25,3,71.0108830444895,000037,深南电A,2023-07-26,11.09,7100,78739.0,12.199,10.646,2023-07-27,10.646,75589.44,2,止损,20.47,95.24,115.71,-3265.27,-4.15,79139.4,75874.13
2021-至今连续,2023-07-28,2,90.88242426416386,301386,未来电器,2023-07-31,26.93,2800,75404.0,29.623,25.853,2023-08-03,29.623,82944.4,4,止盈,19.61,104.51,124.11,7416.29,9.83,75874.13,83290.41
2021-至今连续,2023-08-08,7,82.0863482242412,002864,盘龙药业,2023-08-09,35.55,2300,81765.0,39.105,34.128,2023-08-18,34.128,78494.4,8,止损,21.26,98.9,120.16,-3390.76,-4.15,83290.41,79899.65
2021-至今连续,2023-08-18,10,81.48466658974034,002045,国光电器,2023-08-21,13.51,5900,79709.0,14.861,12.97,2023-08-22,12.97,76520.64,2,止损,20.72,96.42,117.14,-3305.5,-4.15,79899.65,76594.15
2021-至今连续,2023-08-22,1,95.77613781325792,000411,英特集团,2023-08-23,11.67,6500,75855.0,12.837,11.203,2023-09-12,12.03,78195.0,15,到期,19.72,59.43,79.15,2260.85,2.98,76594.15,78855.0
2021-至今连续,2023-09-12,2,86.70980226188796,300749,顶固集创,2023-09-13,9.01,8700,78387.0,9.911,8.65,2023-10-11,9.12,79344.0,15,到期,20.38,60.3,80.68,876.32,1.12,78855.0,79731.32
2021-至今连续,2023-10-19,2,92.542737585773,300735,光弘科技,2023-10-20,17.6,4500,79200.0,19.36,16.896,2023-10-24,19.36,87120.0,3,止盈,20.59,66.21,86.8,7833.2,9.89,79731.32,87564.52
2021-至今连续,2023-10-24,4,91.7172181007162,300502,新易盛,2023-10-25,33.95,2500,84875.0,37.345,32.592,2023-10-26,32.26,80650.0,2,止损(低开),22.07,61.29,83.36,-4308.36,-5.07,87564.52,83256.15
2021-至今连续,2023-10-30,5,82.538874922198,002708,光洋股份,2023-10-31,7.7,10800,83160.0,8.47,7.392,2023-11-01,8.47,91476.0,2,止盈,21.62,69.52,91.14,8224.86,9.89,83256.15,91481.01
2021-至今连续,2023-11-28,2,88.28046923556265,002103,广博股份,2023-11-29,7.22,12600,90972.0,7.942,6.931,2023-12-15,7.942,100069.2,13,止盈,23.65,76.05,99.71,8997.49,9.89,91481.01,100478.51
2021-至今连续,2023-12-18,2,88.68151501531317,300538,同益股份,2023-12-19,18.37,5400,99198.0,20.207,17.635,2023-12-20,20.207,109117.8,2,止盈,25.79,82.93,108.72,9811.08,9.89,100478.51,110289.59
2021-至今连续,2023-12-20,2,90.96860740323136,301499,维科精密,2023-12-21,30.45,3600,109620.0,33.495,29.232,2023-12-25,29.232,105235.2,3,止损,28.5,79.98,108.48,-4493.28,-4.1,110289.59,105796.31
2021-至今连续,2023-12-25,8,85.0915674526121,603153,上海建科,2023-12-26,20.63,5100,105213.0,22.693,19.805,2023-12-27,19.805,101004.48,2,止损,27.36,76.76,104.12,-4312.64,-4.1,105796.31,101483.67
2021-至今连续,2023-12-27,13,83.65512158348078,002712,思美传媒,2023-12-28,5.45,18600,101370.0,5.995,5.232,2024-01-16,5.232,97315.2,13,止损,26.36,73.96,100.32,-4155.12,-4.1,101483.67,97328.55
2021-至今连续,2024-01-18,10,80.26182749656539,601086,国芳集团,2024-01-19,5.56,17500,97300.0,6.116,5.338,2024-01-22,5.338,93408.0,2,止损,25.3,70.99,96.29,-3988.29,-4.1,97328.55,93340.26
2021-至今连续,2024-01-22,12,88.41370706766922,603075,热威股份,2024-01-23,20.04,4600,92184.0,22.044,19.238,2024-02-01,19.0,87400.0,8,止损(低开),23.97,66.42,90.39,-4874.39,-5.29,93340.26,88465.87
2021-至今连续,2024-02-01,7,86.66681639558438,603324,盛剑科技,2024-02-02,23.05,3800,87590.0,25.355,22.128,2024-02-05,21.55,81890.0,2,止损(低开),22.77,62.24,85.01,-5785.01,-6.6,88465.87,82680.86
2021-至今连续,2024-02-05,1,95.68048017967806,605133,嵘泰股份,2024-02-06,16.53,5000,82650.0,18.183,15.869,2024-02-07,18.183,90915.0,2,止盈,21.49,69.1,90.58,8174.42,9.89,82680.86,90855.28
2021-至今连续,2024-03-26,1,88.38312093945571,603011,合锻智能,2024-03-27,8.01,11300,90513.0,8.811,7.69,2024-04-08,7.69,86892.48,7,止损,23.53,66.04,89.57,-3710.09,-4.1,90855.28,87145.18
2021-至今连续,2024-04-08,2,88.58947578520774,002611,东方精工,2024-04-09,6.61,13100,86591.0,7.271,6.346,2024-04-15,6.346,83127.36,5,止损,22.51,63.18,85.69,-3549.33,-4.1,87145.18,83595.85
2021-至今连续,2024-04-16,3,92.98684204627293,301421,波长光电,2024-04-17,34.99,2300,80477.0,38.489,33.59,2024-04-18,38.489,88524.7,2,止盈,20.92,67.28,88.2,7959.5,9.89,83595.85,91555.35
2021-至今连续,2024-04-18,1,87.72380655748317,002652,扬子新材,2024-04-19,2.07,44200,91494.0,2.277,1.987,2024-04-22,1.987,87834.24,2,止损,23.79,66.75,90.54,-3750.3,-4.1,91555.35,87805.05
2021-至今连续,2024-04-22,4,87.27143212136956,301520,万邦医药,2024-04-23,41.79,2100,87759.0,45.969,40.118,2024-04-30,45.969,96534.9,6,止盈,22.82,73.37,96.18,8679.72,9.89,87805.05,96484.77
2021-至今连续,2024-04-30,1,87.12008183363848,300536,农尚环境,2024-05-06,11.23,8500,95455.0,12.353,10.781,2024-05-07,12.353,105000.5,2,止盈,24.82,79.8,104.62,9440.88,9.89,96484.77,105925.65
2021-至今连续,2024-05-14,1,76.60448505225857,300721,怡达股份,2024-05-15,12.5,8400,105000.0,13.75,12.0,2024-05-28,13.75,115500.0,10,止盈,27.3,87.78,115.08,10384.92,9.89,105925.65,116310.57
2021-至今连续,2024-05-29,7,63.16057553956834,000702,正虹科技,2024-05-30,5.83,19900,116017.0,6.413,5.597,2024-05-31,5.28,105072.0,2,止损(低开),30.16,79.85,110.02,-11055.02,-9.53,116310.57,105255.55
2021-至今连续,2024-06-03,1,88.73467259339688,300644,南京聚隆,2024-06-04,22.6,4600,103960.0,24.86,21.696,2024-06-05,21.696,99801.6,2,止损,27.03,75.85,102.88,-4261.28,-4.1,105255.55,100994.27
2021-至今连续,2024-06-06,7,90.77744820644664,300611,美力科技,2024-06-07,7.5,13400,100500.0,8.25,7.2,2024-06-25,7.19,96346.0,12,止损(低开),26.13,73.22,99.35,-4253.35,-4.23,100994.27,96740.92
2021-至今连续,2024-06-27,9,87.6900488433177,600345,长江通信,2024-06-28,18.09,5300,95877.0,19.899,17.366,2024-07-03,17.366,92041.92,4,止损,24.93,69.95,94.88,-3929.96,-4.1,96740.92,92810.96
2021-至今连续,2024-07-05,5,95.01622588223285,001696,宗申动力,2024-07-08,9.8,9400,92120.0,10.78,9.408,2024-07-09,9.408,88435.2,2,止损,23.95,67.21,91.16,-3775.96,-4.1,92810.96,89034.99
2021-至今连续,2024-07-10,44,73.73814955943237,300730,科创信息,2024-07-11,10.41,8500,88485.0,11.451,9.994,2024-07-12,11.451,97333.5,2,止盈,23.01,73.97,96.98,8751.52,9.89,89034.99,97786.51
2021-至今连续,2024-07-17,47,63.81200891693668,001336,楚环科技,2024-07-18,16.21,6000,97260.0,17.831,15.562,2024-07-24,15.562,93369.6,5,止损,25.29,70.96,96.25,-3986.65,-4.1,97786.51,93799.87
2021-至今连续,2024-07-25,4,96.36262993271872,300469,信息发展,2024-07-26,12.58,7400,93092.0,13.838,12.077,2024-08-05,12.077,89368.32,7,止损,24.2,67.92,92.12,-3815.8,-4.1,93799.87,89984.06
2021-至今连续,2024-08-08,2,90.64945007201534,300641,正丹股份,2024-08-09,21.81,4100,89421.0,23.991,20.938,2024-08-15,20.938,85844.16,5,止损,23.25,65.24,88.49,-3665.33,-4.1,89984.06,86318.73
2021-至今连续,2024-08-15,5,84.97876597229329,301606,绿联科技,2024-08-16,29.9,2800,83720.0,32.89,28.704,2024-08-19,28.35,79380.0,2,止损(低开),21.77,60.33,82.1,-4422.1,-5.28,86318.73,81896.64
2021-至今连续,2024-08-21,7,87.41352616360281,300411,金盾股份,2024-08-22,10.23,8000,81840.0,11.253,9.821,2024-08-23,9.821,78566.4,2,止损,21.28,59.71,80.99,-3354.59,-4.1,81896.64,78542.05
2021-至今连续,2024-08-23,20,65.38953736654804,300718,长盛轴承,2024-08-26,12.7,6100,77470.0,13.97,12.192,2024-08-30,13.97,85217.0,5,止盈,20.14,64.76,84.91,7662.09,9.89,78542.05,86204.14
2021-至今连续,2024-09-02,5,87.15111280770527,000628,高新发展,2024-09-03,35.16,2400,84384.0,38.676,33.754,2024-09-09,38.676,92822.4,5,止盈,21.94,70.55,92.48,8345.92,9.89,86204.14,94550.05
2021-至今连续,2024-09-10,1,94.06392146863844,603004,鼎龙科技,2024-09-11,16.12,5800,93496.0,17.732,15.475,2024-09-27,17.732,102845.6,11,止盈,24.31,78.16,102.47,9247.13,9.89,94550.05,103797.18
2021-至今连续,2024-10-11,2,89.84034329788108,300624,万兴科技,2024-10-14,55.4,1800,99720.0,60.94,53.184,2024-10-15,60.94,109692.0,2,止盈,25.93,83.37,109.29,9862.71,9.89,103797.18,113659.89
2021-至今连续,2024-10-15,1,88.73268077345634,688166,博瑞医药,2024-10-16,29.01,3900,113139.0,31.911,27.85,2024-10-17,31.911,124452.9,2,止盈,29.42,94.58,124.0,11189.9,9.89,113659.89,124849.79
2021-至今连续,2024-10-17,10,81.62816077491685,301499,维科精密,2024-10-18,25.97,4800,124656.0,28.567,24.931,2024-10-22,28.567,137121.6,3,止盈,32.41,104.21,136.62,12328.98,9.89,124849.79,137178.77
2021-至今连续,2024-10-24,1,67.39864891875595,300468,四方精创,2024-10-25,22.21,6100,135481.0,24.431,21.322,2024-10-28,21.29,129869.0,2,止损(低开),35.23,98.7,133.93,-5745.93,-4.24,137178.77,131432.84
2021-至今连续,2024-11-01,1,79.84073227657298,300337,银邦股份,2024-11-04,17.0,7700,130900.0,18.7,16.32,2024-11-05,18.7,143990.0,2,止盈,34.03,109.43,143.47,12946.53,9.89,131432.84,144379.37
2021-至今连续,2024-11-05,1,68.97676462396403,600198,大唐电信,2024-11-06,12.65,11400,144210.0,13.915,12.144,2024-11-07,12.0,136800.0,2,止损(低开),37.49,103.97,141.46,-7551.46,-5.24,144379.37,136827.91
2021-至今连续,2024-11-13,1,60.052668658918215,603196,璞源材料,2024-11-14,14.88,9100,135408.0,16.368,14.285,2024-11-15,14.2,129220.0,2,止损(低开),35.21,98.21,133.41,-6321.41,-4.67,136827.91,130506.5
2021-至今连续,2024-11-15,1,85.06864864864865,002510,天汽模,2024-11-18,6.1,21300,129930.0,6.71,5.856,2024-11-20,6.71,142923.0,3,止盈,33.78,108.62,142.4,12850.6,9.89,130506.5,143357.1
2021-至今连续,2024-11-22,1,93.05776327137067,002388,新亚制程,2024-11-25,4.32,33100,142992.0,4.752,4.147,2024-11-26,4.12,136372.0,2,止损(低开),37.18,103.64,140.82,-6760.82,-4.73,143357.1,136596.27
2021-至今连续,2024-11-27,2,87.92522427403111,603079,圣达生物,2024-11-28,15.28,8900,135992.0,16.808,14.669,2024-12-11,16.808,149591.2,10,止盈,35.36,113.69,149.05,13450.15,9.89,136596.27,150046.43
2021-至今连续,2024-12-11,1,82.51705123020592,002301,齐心集团,2024-12-12,8.17,18300,149511.0,8.987,7.843,2024-12-13,8.987,164462.1,2,止盈,38.87,124.99,163.86,14787.24,9.89,150046.43,164833.66
2021-至今连续,2024-12-13,2,55.73967542503865,002312,川发龙蟒,2024-12-16,16.35,10000,163500.0,17.985,15.696,2024-12-18,17.985,179850.0,3,止盈,42.51,136.69,179.2,16170.8,9.89,164833.66,181004.47
2021-至今连续,2024-12-18,1,82.16477732793523,600979,广安爱众,2024-12-19,5.6,32300,180880.0,6.16,5.376,2024-12-20,5.33,172159.0,2,止损(低开),47.03,130.84,177.87,-8898.87,-4.92,181004.47,172105.6
2021-至今连续,2024-12-20,1,95.34571763266368,002862,实丰文化,2024-12-23,32.61,5200,169572.0,35.871,31.306,2024-12-24,29.12,151424.0,2,止损(低开),44.09,115.08,159.17,-18307.17,-10.79,172105.6,153798.43
2021-至今连续,2024-12-25,7,80.53273699203444,300355,蒙草生态,2024-12-26,5.45,28200,153690.0,5.995,5.232,2024-12-31,5.232,147542.4,4,止损,39.96,112.13,152.09,-6299.69,-4.1,153798.43,147498.73
2021-至今连续,2024-12-31,12,82.20927036473799,301566,达利凯普,2025-01-02,16.6,8800,146080.0,18.26,15.936,2025-01-03,15.936,140236.8,2,止损,37.98,106.58,144.56,-5987.76,-4.1,147498.73,141510.97
2021-至今连续,2025-03-27,1,88.00198027608546,300895,铜牛信息,2025-03-28,47.94,2900,139026.0,52.734,46.022,2025-03-31,52.734,152928.6,2,止盈,36.15,116.23,152.37,13750.23,9.89,141510.97,155261.2
2021-至今连续,2025-04-07,1,86.0196975425331,300798,锦鸡股份,2025-04-08,6.25,24800,155000.0,6.875,6.0,2025-04-09,6.0,148800.0,2,止损,40.3,113.09,153.39,-6353.39,-4.1,155261.2,148907.81
2021-至今连续,2025-04-29,2,87.91359875030673,001256,炜冈科技,2025-04-30,21.1,7000,147700.0,23.21,20.256,2025-05-06,23.21,162470.0,2,止盈,38.4,123.48,161.88,14608.12,9.89,148907.81,163515.93
2021-至今连续,2025-05-13,1,92.84300086358196,003003,天元股份,2025-05-14,11.69,13900,162491.0,12.859,11.222,2025-05-27,12.859,178740.1,10,止盈,42.25,135.84,178.09,16071.01,9.89,163515.93,179586.94
2021-至今连续,2025-05-27,1,94.95502602104416,002813,路畅科技,2025-05-28,23.42,7600,177992.0,25.762,22.483,2025-06-10,22.483,170872.32,9,止损,46.28,129.86,176.14,-7295.82,-4.1,179586.94,172291.12
2021-至今连续,2025-06-10,1,92.62299817955164,002136,安纳达,2025-06-11,10.71,16000,171360.0,11.781,10.282,2025-06-19,10.282,164505.6,7,止损,44.55,125.02,169.58,-7023.98,-4.1,172291.12,165267.15
2021-至今连续,2025-06-19,4,90.42296594756716,001230,劲旅环境,2025-06-20,19.84,8300,164672.0,21.824,19.046,2025-07-07,21.824,181139.2,12,止盈,42.81,137.67,180.48,16286.72,9.89,165267.15,181553.87
2021-至今连续,2025-07-10,1,91.211876782926,002826,易明医药,2025-07-11,17.97,10100,181497.0,19.767,17.251,2025-07-23,19.767,199646.7,9,止盈,47.19,151.73,198.92,17950.78,9.89,181553.87,199504.64
2021-至今连续,2025-07-28,1,96.56889583295084,000607,华媒控股,2025-07-29,4.92,40500,199260.0,5.412,4.723,2025-07-30,4.723,191289.6,2,止损,51.81,145.38,197.19,-8167.59,-4.1,199504.64,191337.06
2021-至今连续,2025-08-01,1,98.02400432562187,001298,好上好,2025-08-04,28.1,6800,191080.0,30.91,26.976,2025-08-07,30.91,210188.0,4,止盈,49.68,159.74,209.42,18898.58,9.89,191337.06,210235.63
2021-至今连续,2025-08-08,3,90.9330292065886,001226,拓山重工,2025-08-11,36.37,5700,207309.0,40.007,34.915,2025-08-15,34.9,198930.0,5,止损(低开),53.9,151.19,205.09,-8584.09,-4.14,210235.63,201651.55
2021-至今连续,2025-08-15,1,95.31105678688904,300069,金利华电,2025-08-18,21.6,9300,200880.0,23.76,20.736,2025-08-27,20.736,192844.8,8,止损,52.23,146.56,198.79,-8233.99,-4.1,201651.55,193417.56
2021-至今连续,2025-08-27,4,84.22265757288554,002795,永和智控,2025-08-28,4.92,39300,193356.0,5.412,4.723,2025-09-17,5.0,196500.0,15,到期,50.27,149.34,199.61,2944.39,1.52,193417.56,196361.94
2021-至今连续,2025-09-18,2,84.81156932077535,300192,科德教育,2025-09-19,19.33,10100,195233.0,21.263,18.557,2025-09-29,18.557,187423.68,7,止损,50.76,142.44,193.2,-8002.52,-4.1,196361.94,188359.42
2021-至今连续,2025-09-29,4,86.69114149558129,300111,向日葵,2025-09-30,7.58,24800,187984.0,8.338,7.277,2025-10-10,7.277,180464.64,3,止损,48.88,137.15,186.03,-7705.39,-4.1,188359.42,180654.03
2021-至今连续,2025-10-13,2,89.06618622936527,301488,豪恩汽电,2025-10-14,157.0,1100,172700.0,172.7,150.72,2025-10-15,149.9,164890.0,2,止损(低开),44.9,125.32,170.22,-7980.22,-4.62,180654.03,172673.81
2021-至今连续,2025-10-16,4,85.77294532153266,600376,首开股份,2025-10-17,6.0,28700,172200.0,6.6,5.76,2025-10-21,6.6,189420.0,3,止盈,44.77,143.96,188.73,17031.27,9.89,172673.81,189705.08
2021-至今连续,2025-10-21,5,79.01158750646238,301137,哈焊华通,2025-10-22,44.68,4200,187656.0,49.148,42.893,2025-10-23,49.148,206421.6,2,止盈,48.79,156.88,205.67,18559.93,9.89,189705.08,208265.01
2021-至今连续,2025-10-23,3,85.98081444927367,300141,和顺电气,2025-10-24,11.45,18100,207245.0,12.595,10.992,2025-11-05,12.595,227969.5,9,止盈,53.88,173.26,227.14,20497.36,9.89,208265.01,228762.37
2021-至今连续,2025-11-06,1,90.57961763062478,301117,佳缘科技,2025-11-07,31.62,7200,227664.0,34.782,30.355,2025-11-10,34.782,250430.4,2,止盈,59.19,190.33,249.52,22516.88,9.89,228762.37,251279.25
2021-至今连续,2025-11-14,2,84.92752293577982,603759,海天股份,2025-11-17,11.34,22100,250614.0,12.474,10.886,2025-11-19,10.886,240589.44,3,止损,65.16,182.85,248.01,-10272.57,-4.1,251279.25,241006.68
2021-至今连续,2025-11-21,2,90.27814726405278,300680,隆盛科技,2025-11-24,42.4,5600,237440.0,46.64,40.704,2025-11-26,46.64,261184.0,3,止盈,61.73,198.5,260.23,23483.77,9.89,241006.68,264490.45
2021-至今连续,2025-11-26,1,93.14717672012404,000572,海马汽车,2025-11-27,8.77,30100,263977.0,9.647,8.419,2025-12-02,9.647,290374.7,4,止盈,68.63,220.68,289.32,26108.38,9.89,264490.45,290598.83
2021-至今连续,2025-12-02,4,86.6571587389353,688237,超卓航科,2025-12-03,45.97,6300,289611.0,50.567,44.131,2025-12-05,50.567,318572.1,3,止盈,75.3,242.11,317.41,28643.69,9.89,290598.83,319242.52
2021-至今连续,2025-12-09,1,92.65883367543942,002759,天际股份,2025-12-10,35.0,9100,318500.0,38.5,33.6,2025-12-12,33.6,305760.0,3,止损,82.81,232.38,315.19,-13055.19,-4.1,319242.52,306187.33
2021-至今连续,2025-12-12,3,91.89601944484052,301001,凯淳股份,2025-12-15,29.3,10400,304720.0,32.23,28.128,2025-12-16,28.128,292531.2,2,止损,79.23,222.32,301.55,-12490.35,-4.1,306187.33,293696.98
2021-至今连续,2025-12-16,1,89.15400184594458,605299,舒华体育,2025-12-17,11.81,24800,292888.0,12.991,11.338,2025-12-18,11.32,280736.0,2,止损(低开),76.15,213.36,289.51,-12441.51,-4.25,293696.98,281255.47
2021-至今连续,2025-12-18,12,84.22214514029662,002235,安妮股份,2025-12-19,10.4,27000,280800.0,11.44,9.984,2025-12-25,11.44,308880.0,5,止盈,73.01,234.75,307.76,27772.24,9.89,281255.47,309027.71
2021-至今连续,2025-12-25,2,87.53054802813807,600250,南京商旅,2025-12-26,11.99,25700,308143.0,13.189,11.51,2025-12-30,11.51,295817.28,3,止损,80.12,224.82,304.94,-12630.66,-4.1,309027.71,296397.05
2021-至今连续,2025-12-31,2,85.35959272843911,002910,庄园牧场,2026-01-05,11.11,26600,295526.0,12.221,10.666,2026-01-15,12.221,325078.6,9,止盈,76.84,247.06,323.9,29228.7,9.89,296397.05,325625.76
2021-至今连续,2026-01-15,2,89.89164300528765,301687,新广益,2026-01-16,63.01,5100,321351.0,69.311,60.49,2026-01-28,60.49,308496.96,9,止损,83.55,234.46,318.01,-13172.05,-4.1,325625.76,312453.71
2021-至今连续,2026-01-29,4,85.69772786068849,301023,奕帆传动,2026-01-30,47.17,6600,311322.0,51.887,45.283,2026-02-27,47.08,310728.0,15,到期,80.94,236.15,317.1,-911.1,-0.29,312453.71,311542.61
2021-至今连续,2026-03-02,1,96.7841050296001,605033,美邦股份,2026-03-03,23.6,13100,309160.0,25.96,22.656,2026-03-04,22.55,295405.0,2,止损(低开),80.38,224.51,304.89,-14059.89,-4.55,311542.61,297482.72
2021-至今连续,2026-03-04,1,98.48868947809572,300986,志特新材,2026-03-05,28.01,10600,296906.0,30.811,26.89,2026-03-09,26.59,281854.0,3,止损(低开),77.2,214.21,291.4,-15343.4,-5.17,297482.72,282139.32
2021-至今连续,2026-03-09,9,85.23720538437694,688680,海优新材,2026-03-10,51.86,5400,280044.0,57.046,49.786,2026-03-16,49.77,268758.0,5,止损(低开),72.81,204.26,277.07,-11563.07,-4.13,282139.32,270576.25
2021-至今连续,2026-03-16,9,87.97612979265564,301226,祥明智能,2026-03-17,35.1,7700,270270.0,38.61,33.696,2026-03-18,43.03,331331.0,2,止盈(高开),70.27,251.81,322.08,60738.92,22.47,270576.25,331315.17
2021-至今连续,2026-03-19,1,94.6338959000766,300461,田中精机,2026-03-20,44.07,7500,330525.0,48.477,42.307,2026-03-23,42.307,317304.0,2,止损,85.94,241.15,327.09,-13548.09,-4.1,331315.17,317767.08
2021-至今连续,2026-03-23,1,95.7775035118479,600345,长江通信,2026-03-24,35.8,8800,315040.0,39.38,34.368,2026-03-25,39.38,346544.0,2,止盈,81.91,263.37,345.28,31158.72,9.89,317767.08,348925.79
2021-至今连续,2026-03-26,7,88.31475453649368,002413,雷科防务,2026-03-27,12.35,28200,348270.0,13.585,11.856,2026-03-31,13.585,383097.0,3,止盈,90.55,291.15,381.7,34445.3,9.89,348925.79,383371.09
2021-至今连续,2026-03-31,14,84.72187626346081,301687,新广益,2026-04-01,52.5,7300,383250.0,57.75,50.4,2026-04-03,50.4,367920.0,3,止损,99.64,279.62,379.26,-15709.26,-4.1,383371.09,367661.83
2021-至今连续,2026-04-03,12,86.88566185083954,600722,金牛化工,2026-04-07,13.46,27300,367458.0,14.806,12.922,2026-04-08,14.806,404203.8,2,止盈,95.54,307.19,402.73,36343.07,9.89,367661.83,404004.89
2021-至今连续,2026-04-08,7,73.16534866586244,002150,正泰电源,2026-04-09,29.5,13600,401200.0,32.45,28.32,2026-04-10,32.99,448664.0,2,止盈(高开),104.31,340.98,445.3,47018.7,11.72,404004.89,451023.6
2021-至今连续,2026-04-10,12,70.76744193690529,603017,中衡设计,2026-04-13,13.36,33700,450232.0,14.696,12.826,2026-04-16,12.826,432222.72,4,止损,117.06,328.49,445.55,-18454.83,-4.1,451023.6,432568.77
2021-至今连续,2026-04-20,5,83.36379310344829,600636,退市国化,2026-04-21,5.69,76000,432440.0,6.259,5.462,2026-04-22,6.259,475684.0,2,止盈,112.43,361.52,473.95,42770.05,9.89,432568.77,475338.81
2021-至今连续,2026-04-23,1,91.42458896660078,603787,新日股份,2026-04-24,12.0,39600,475200.0,13.2,11.52,2026-05-14,11.52,456192.0,12,止损,123.55,346.71,470.26,-19478.26,-4.1,475338.81,455860.55
2021-至今连续,2026-05-15,5,84.52134032750715,605287,德才股份,2026-05-18,48.1,9400,452140.0,52.91,46.176,2026-05-25,52.91,497354.0,6,止盈,117.56,377.99,495.55,44718.45,9.89,455860.55,500579.01
2021-至今连续,2026-05-25,7,92.62219496417076,603399,永杉锂业,2026-05-26,17.27,28900,499103.0,18.997,16.579,2026-05-28,16.579,479138.88,3,止损,129.77,364.15,493.91,-20458.03,-4.1,500579.01,480120.98
2021-至今连续,2026-05-28,21,86.30126423094914,603520,司太立,2026-05-29,10.79,44400,479076.0,11.869,10.358,2026-06-01,10.25,455100.0,2,止损(低开),124.56,345.88,470.44,-24446.44,-5.1,480120.98,455674.54
2021-至今连续,2026-06-01,10,90.36383829897214,002902,铭普光磁,2026-06-02,31.72,14300,453596.0,34.892,30.451,2026-06-05,34.892,498955.6,3,止盈,117.93,379.21,497.14,44862.46,9.89,455674.54,500537.0
2021-至今连续,2026-06-08,15,87.52597682829777,688512,慧智微,2026-06-09,12.68,39400,499592.0,13.948,12.173,2026-06-12,13.98,550812.0,4,止盈(高开),129.89,418.62,548.51,50671.49,10.14,500537.0,551208.49
