信号日期(T+0),候选顺序,代码,名称,rank_score,换手率%,回撤%,买入日期(T+1),开盘价,昨收,低开幅度%,操作,卖出日期,卖出价,退出原因,收益率%
2026-01-05,1,002910,庄园牧场,96.25,6.51,31.11,2026-01-06,11.19,0.0,0.089,买入,2026-01-15,12.309000000000001,止盈,9.89
2026-01-06,1,002910,庄园牧场,92.68,7.87,31.11,2026-01-07,11.25,0.0,-0.177,已持仓,,,,
2026-01-07,3,002910,庄园牧场,82.47,14.52,31.11,2026-01-08,11.43,0.0,-0.953,已持仓,,,,
2026-01-08,1,002910,庄园牧场,85.95,10.93,31.11,2026-01-09,11.33,0.0,0.088,已持仓,,,,
2026-01-09,1,002910,庄园牧场,83.57,9.54,31.11,2026-01-12,11.51,0.0,0.0,已持仓,,,,
2026-01-12,1,301687,新广益,83.14,33.55,29.11,2026-01-13,63.8,0.0,-1.406,已持仓,,,,
2026-01-13,1,000735,罗牛山,87.43,9.73,27.77,2026-01-14,8.13,0.0,-1.215,已持仓,,,,
2026-01-14,1,301687,新广益,95.67,20.08,30.58,2026-01-15,61.65,0.0,-0.964,已持仓,,,,
2026-01-15,2,301687,新广益,89.89,17.61,30.58,2026-01-16,63.01,0.0,-0.095,买入,2026-01-28,60.489599999999996,止损,-4.1
2026-01-16,1,603278,大业股份,93.08,12.24,29.29,2026-01-19,12.88,0.0,1.178,已持仓,,,,
2026-01-19,1,301687,新广益,87.77,15.38,30.58,2026-01-20,63.12,0.0,-0.41,已持仓,,,,
2026-01-20,1,002639,雪人集团,90.3,20.78,29.37,2026-01-21,20.74,0.0,-0.67,已持仓,,,,
2026-01-21,2,600776,东方通信,91.87,6.92,32.85,2026-01-22,18.56,0.0,-0.215,已持仓,,,,
2026-01-22,2,688562,航天软件,89.73,6.11,28.05,2026-01-23,24.0,0.0,4.621,已持仓,,,,
2026-01-23,1,301687,新广益,87.56,15.54,30.58,2026-01-26,63.61,0.0,0.315,已持仓,,,,
2026-01-26,1,300155,安居宝,91.51,10.23,31.06,2026-01-27,5.64,0.0,-0.704,已持仓,,,,
2026-01-27,1,301687,新广益,89.6,12.56,30.58,2026-01-28,62.1,0.0,-0.513,已持仓,,,,
2026-01-28,1,301687,新广益,87.04,13.59,31.55,2026-01-29,60.3,0.0,-0.626,冷却期,,,,
2026-01-29,4,301023,奕帆传动,85.7,9.59,27.08,2026-01-30,47.17,0.0,-1.09,买入,2026-02-27,47.08,到期,-0.29
2026-01-30,2,301023,奕帆传动,88.25,10.25,28.43,2026-02-02,47.51,0.0,-1.041,已持仓,,,,
2026-02-02,1,301023,奕帆传动,90.28,7.57,28.43,2026-02-03,47.44,0.0,0.381,已持仓,,,,
2026-02-03,2,301023,奕帆传动,87.8,7.63,28.43,2026-02-04,47.67,0.0,-0.811,已持仓,,,,
2026-02-04,1,300668,杰恩股份,94.1,5.31,27.93,2026-02-05,25.0,0.0,0.402,已持仓,,,,
2026-02-05,3,301023,奕帆传动,86.01,5.42,30.02,2026-02-06,45.64,0.0,-0.197,已持仓,,,,
2026-02-06,3,301023,奕帆传动,89.19,8.99,30.47,2026-02-09,46.8,0.0,0.559,已持仓,,,,
2026-02-09,4,301023,奕帆传动,82.53,5.99,30.47,2026-02-10,47.2,0.0,-0.148,已持仓,,,,
2026-02-10,4,301023,奕帆传动,78.07,5.75,30.47,2026-02-11,47.02,0.0,-0.487,已持仓,,,,
2026-02-11,10,300561,汇金科技,70.59,6.02,31.83,2026-02-12,12.81,0.0,-1.839,已持仓,,,,
2026-02-24,4,301025,读客文化,87.4,13.75,27.14,2026-02-25,12.2,0.0,0.412,已持仓,,,,
2026-02-25,1,600986,浙文互联,96.02,10.91,27.79,2026-02-26,12.04,0.0,0.0,已持仓,,,,
2026-02-26,1,600986,浙文互联,90.19,10.31,28.82,2026-02-27,11.83,0.0,0.339,已持仓,,,,
2026-02-27,1,605033,美邦股份,99.9,11.21,29.2,2026-03-02,24.2,0.0,-2.811,低开跳过,,,,
2026-03-02,1,605033,美邦股份,96.78,8.36,31.77,2026-03-03,23.6,0.0,-0.422,买入,2026-03-04,22.55,止损(低开),-4.55
2026-03-03,1,300986,志特新材,89.55,7.28,29.58,2026-03-04,27.53,0.0,-1.994,已持仓,,,,
2026-03-04,1,300986,志特新材,98.49,5.37,31.12,2026-03-05,28.01,0.0,1.486,买入,2026-03-09,26.59,止损(低开),-5.17
2026-03-05,14,300077,国民技术,86.71,6.0,30.58,2026-03-06,20.01,0.0,-1.136,已持仓,,,,
2026-03-06,11,603163,圣晖集成,84.62,5.56,27.74,2026-03-09,106.6,0.0,-1.769,已持仓,,,,
2026-03-09,9,688680,海优新材,85.24,5.05,29.41,2026-03-10,51.86,0.0,2.087,买入,2026-03-16,49.77,止损(低开),-4.13
2026-03-12,6,301226,祥明智能,88.32,6.96,29.48,2026-03-13,35.44,0.0,-0.756,已持仓,,,,
2026-03-16,9,301226,祥明智能,87.98,5.72,31.72,2026-03-17,35.1,0.0,0.92,买入,2026-03-18,43.03,止盈(高开),22.47
2026-03-17,14,002842,翔鹭钨业,77.23,16.18,31.87,2026-03-18,34.09,0.0,0.888,已持仓,,,,
2026-03-19,1,300461,田中精机,94.63,10.64,28.15,2026-03-20,44.07,0.0,-0.631,买入,2026-03-23,42.3072,止损,-4.1
2026-03-20,1,301468,博盈特焊,90.25,7.51,28.16,2026-03-23,48.2,0.0,-1.452,已持仓,,,,
2026-03-23,1,600345,长江通信,95.78,5.43,28.48,2026-03-24,35.8,0.0,2.638,买入,2026-03-25,39.38,止盈,9.89
2026-03-24,2,002413,雷科防务,92.13,8.2,27.29,2026-03-25,12.59,0.0,0.159,已持仓,,,,
2026-03-25,2,000020,深华发A,87.2,18.68,32.03,2026-03-26,17.07,0.0,-3.45,低开跳过,,,,
2026-03-26,7,002413,雷科防务,88.31,9.14,27.29,2026-03-27,12.35,0.0,-1.984,买入,2026-03-31,13.585,止盈,9.89
2026-03-27,7,002413,雷科防务,88.52,6.71,27.29,2026-03-30,12.58,0.0,-1.178,已持仓,,,,
2026-03-30,6,301687,新广益,88.12,9.28,28.36,2026-03-31,54.69,0.0,0.422,已持仓,,,,
2026-03-31,14,301687,新广益,84.72,11.1,31.03,2026-04-01,52.5,0.0,1.902,买入,2026-04-03,50.4,止损,-4.1
2026-04-01,8,301687,新广益,87.29,7.6,31.03,2026-04-02,53.04,0.0,-0.132,已持仓,,,,
2026-04-02,3,300345,华民股份,91.26,11.72,27.94,2026-04-03,7.24,0.0,0.0,已持仓,,,,
2026-04-03,12,600722,金牛化工,86.89,12.82,31.4,2026-04-07,13.46,0.0,1.97,买入,2026-04-08,14.806000000000003,止盈,9.89
2026-04-07,19,002506,协鑫集成,84.66,10.1,29.77,2026-04-08,4.54,0.0,3.653,已持仓,,,,
2026-04-08,7,002150,正泰电源,73.17,5.71,28.04,2026-04-09,29.5,0.0,-1.007,买入,2026-04-10,32.99,止盈(高开),11.72
2026-04-09,12,002506,协鑫集成,80.02,6.79,29.77,2026-04-10,4.45,0.0,1.136,已持仓,,,,
2026-04-10,12,603017,中衡设计,70.77,7.92,27.02,2026-04-13,13.36,0.0,-0.224,买入,2026-04-16,12.8256,止损,-4.1
2026-04-13,2,002788,鹭燕医药,87.06,15.15,28.49,2026-04-14,14.64,0.0,0.137,已持仓,,,,
2026-04-14,1,002788,鹭燕医药,94.92,11.44,29.57,2026-04-15,14.62,0.0,0.828,已持仓,,,,
2026-04-15,3,002506,协鑫集成,82.88,8.2,29.77,2026-04-16,4.34,0.0,-0.686,已持仓,,,,
2026-04-20,5,600636,退市国化,83.36,6.99,27.08,2026-04-21,5.69,0.0,-1.727,买入,2026-04-22,6.259000000000001,止盈,9.89
2026-04-23,1,603787,新日股份,91.42,5.18,29.92,2026-04-24,12.0,0.0,-0.415,买入,2026-05-14,11.52,止损,-4.1
2026-04-29,6,300775,三角防务,88.0,5.88,27.5,2026-04-30,29.2,0.0,-0.239,已持仓,,,,
2026-04-30,7,300858,科拓生物,85.51,8.26,27.27,2026-05-06,17.89,0.0,0.224,已持仓,,,,
2026-05-06,4,300858,科拓生物,91.42,7.25,27.27,2026-05-07,18.28,0.0,0.605,已持仓,,,,
2026-05-07,3,300858,科拓生物,86.7,7.93,28.33,2026-05-08,17.96,0.0,0.335,已持仓,,,,
2026-05-14,2,002560,通达股份,90.77,28.81,28.55,2026-05-15,11.08,0.0,-4.565,低开跳过,,,,
2026-05-15,5,605287,德才股份,84.52,7.08,29.77,2026-05-18,48.1,0.0,-0.125,买入,2026-05-25,52.910000000000004,止盈,9.89
2026-05-18,3,600338,西藏珠峰,87.34,6.9,27.51,2026-05-19,21.05,0.0,-0.848,已持仓,,,,
2026-05-19,4,600338,西藏珠峰,90.83,7.67,29.0,2026-05-20,20.29,0.0,-0.049,已持仓,,,,
2026-05-20,1,603319,美湖股份,90.14,6.35,29.08,2026-05-21,30.59,0.0,1.258,已持仓,,,,
2026-05-21,2,600338,西藏珠峰,91.18,6.63,30.23,2026-05-22,20.23,0.0,1.505,已持仓,,,,
2026-05-22,10,002866,传艺科技,88.85,6.72,29.1,2026-05-25,22.01,0.0,0.045,已持仓,,,,
2026-05-25,7,603399,永杉锂业,92.62,9.56,31.97,2026-05-26,17.27,0.0,-1.651,买入,2026-05-28,16.5792,止损,-4.1
2026-05-26,8,002866,传艺科技,90.95,5.52,31.97,2026-05-27,20.68,0.0,-0.481,已持仓,,,,
2026-05-27,16,300300,海峡创新,87.13,8.07,32.74,2026-05-28,9.75,0.0,1.036,已持仓,,,,
2026-05-28,21,603520,司太立,86.3,5.28,27.0,2026-05-29,10.79,0.0,0.841,买入,2026-06-01,10.25,止损(低开),-5.1
2026-05-29,14,603520,司太立,87.58,5.15,29.16,2026-06-01,10.25,0.0,-0.485,已持仓,,,,
2026-01-05,1,002910,庄园牧场,96.25,6.51,31.11,2026-01-06,11.19,0.0,0.089,买入,2026-01-15,12.309000000000001,止盈,9.89
2026-01-06,1,002910,庄园牧场,92.68,7.87,31.11,2026-01-07,11.25,0.0,-0.177,已持仓,,,,
2026-01-07,3,002910,庄园牧场,82.47,14.52,31.11,2026-01-08,11.43,0.0,-0.953,已持仓,,,,
2026-01-08,1,002910,庄园牧场,85.95,10.93,31.11,2026-01-09,11.33,0.0,0.088,已持仓,,,,
2026-01-09,1,002910,庄园牧场,83.57,9.54,31.11,2026-01-12,11.51,0.0,0.0,已持仓,,,,
2026-01-12,1,301687,新广益,83.14,33.55,29.11,2026-01-13,63.8,0.0,-1.406,已持仓,,,,
2026-01-13,1,000735,罗牛山,87.43,9.73,27.77,2026-01-14,8.13,0.0,-1.215,已持仓,,,,
2026-01-14,1,301687,新广益,95.67,20.08,30.58,2026-01-15,61.65,0.0,-0.964,已持仓,,,,
2026-01-15,2,301687,新广益,89.89,17.61,30.58,2026-01-16,63.01,0.0,-0.095,买入,2026-01-28,60.489599999999996,止损,-4.1
2026-01-16,1,603278,大业股份,93.08,12.24,29.29,2026-01-19,12.88,0.0,1.178,已持仓,,,,
2026-01-19,1,301687,新广益,87.77,15.38,30.58,2026-01-20,63.12,0.0,-0.41,已持仓,,,,
2026-01-20,1,002639,雪人集团,90.3,20.78,29.37,2026-01-21,20.74,0.0,-0.67,已持仓,,,,
2026-01-21,2,600776,东方通信,91.87,6.92,32.85,2026-01-22,18.56,0.0,-0.215,已持仓,,,,
2026-01-22,2,688562,航天软件,89.73,6.11,28.05,2026-01-23,24.0,0.0,4.621,已持仓,,,,
2026-01-23,1,301687,新广益,87.56,15.54,30.58,2026-01-26,63.61,0.0,0.315,已持仓,,,,
2026-01-26,1,300155,安居宝,91.51,10.23,31.06,2026-01-27,5.64,0.0,-0.704,已持仓,,,,
2026-01-27,1,301687,新广益,89.6,12.56,30.58,2026-01-28,62.1,0.0,-0.513,已持仓,,,,
2026-01-28,1,301687,新广益,87.04,13.59,31.55,2026-01-29,60.3,0.0,-0.626,冷却期,,,,
2026-01-29,4,301023,奕帆传动,85.7,9.59,27.08,2026-01-30,47.17,0.0,-1.09,买入,2026-02-27,47.08,到期,-0.29
2026-01-30,2,301023,奕帆传动,88.25,10.25,28.43,2026-02-02,47.51,0.0,-1.041,已持仓,,,,
2026-02-02,1,301023,奕帆传动,90.28,7.57,28.43,2026-02-03,47.44,0.0,0.381,已持仓,,,,
2026-02-03,2,301023,奕帆传动,87.8,7.63,28.43,2026-02-04,47.67,0.0,-0.811,已持仓,,,,
2026-02-04,1,300668,杰恩股份,94.1,5.31,27.93,2026-02-05,25.0,0.0,0.402,已持仓,,,,
2026-02-05,3,301023,奕帆传动,86.01,5.42,30.02,2026-02-06,45.64,0.0,-0.197,已持仓,,,,
2026-02-06,3,301023,奕帆传动,89.19,8.99,30.47,2026-02-09,46.8,0.0,0.559,已持仓,,,,
2026-02-09,4,301023,奕帆传动,82.53,5.99,30.47,2026-02-10,47.2,0.0,-0.148,已持仓,,,,
2026-02-10,4,301023,奕帆传动,78.07,5.75,30.47,2026-02-11,47.02,0.0,-0.487,已持仓,,,,
2026-02-11,10,300561,汇金科技,70.59,6.02,31.83,2026-02-12,12.81,0.0,-1.839,已持仓,,,,
2026-02-24,4,301025,读客文化,87.4,13.75,27.14,2026-02-25,12.2,0.0,0.412,已持仓,,,,
2026-02-25,1,600986,浙文互联,96.02,10.91,27.79,2026-02-26,12.04,0.0,0.0,已持仓,,,,
2026-02-26,1,600986,浙文互联,90.19,10.31,28.82,2026-02-27,11.83,0.0,0.339,已持仓,,,,
2026-02-27,1,605033,美邦股份,99.9,11.21,29.2,2026-03-02,24.2,0.0,-2.811,低开跳过,,,,
2026-03-02,1,605033,美邦股份,96.78,8.36,31.77,2026-03-03,23.6,0.0,-0.422,买入,2026-03-04,22.55,止损(低开),-4.55
2026-03-03,1,300986,志特新材,89.55,7.28,29.58,2026-03-04,27.53,0.0,-1.994,已持仓,,,,
2026-03-04,1,300986,志特新材,98.49,5.37,31.12,2026-03-05,28.01,0.0,1.486,买入,2026-03-09,26.59,止损(低开),-5.17
2026-03-05,14,300077,国民技术,86.71,6.0,30.58,2026-03-06,20.01,0.0,-1.136,已持仓,,,,
2026-03-06,11,603163,圣晖集成,84.62,5.56,27.74,2026-03-09,106.6,0.0,-1.769,已持仓,,,,
2026-03-09,9,688680,海优新材,85.24,5.05,29.41,2026-03-10,51.86,0.0,2.087,买入,2026-03-16,49.77,止损(低开),-4.13
2026-03-12,6,301226,祥明智能,88.32,6.96,29.48,2026-03-13,35.44,0.0,-0.756,已持仓,,,,
2026-03-16,9,301226,祥明智能,87.98,5.72,31.72,2026-03-17,35.1,0.0,0.92,买入,2026-03-18,43.03,止盈(高开),22.47
2026-03-17,14,002842,翔鹭钨业,77.23,16.18,31.87,2026-03-18,34.09,0.0,0.888,已持仓,,,,
2026-03-19,1,300461,田中精机,94.63,10.64,28.15,2026-03-20,44.07,0.0,-0.631,买入,2026-03-23,42.3072,止损,-4.1
2026-03-20,1,301468,博盈特焊,90.25,7.51,28.16,2026-03-23,48.2,0.0,-1.452,已持仓,,,,
2026-03-23,1,600345,长江通信,95.78,5.43,28.48,2026-03-24,35.8,0.0,2.638,买入,2026-03-25,39.38,止盈,9.89
2026-03-24,2,002413,雷科防务,92.13,8.2,27.29,2026-03-25,12.59,0.0,0.159,已持仓,,,,
2026-03-25,2,000020,深华发A,87.2,18.68,32.03,2026-03-26,17.07,0.0,-3.45,低开跳过,,,,
2026-03-26,7,002413,雷科防务,88.31,9.14,27.29,2026-03-27,12.35,0.0,-1.984,买入,2026-03-31,13.585,止盈,9.89
2026-03-27,7,002413,雷科防务,88.52,6.71,27.29,2026-03-30,12.58,0.0,-1.178,已持仓,,,,
2026-03-30,6,301687,新广益,88.12,9.28,28.36,2026-03-31,54.69,0.0,0.422,已持仓,,,,
2026-03-31,14,301687,新广益,84.72,11.1,31.03,2026-04-01,52.5,0.0,1.902,买入,2026-04-03,50.4,止损,-4.1
2026-04-01,8,301687,新广益,87.29,7.6,31.03,2026-04-02,53.04,0.0,-0.132,已持仓,,,,
2026-04-02,3,300345,华民股份,91.26,11.72,27.94,2026-04-03,7.24,0.0,0.0,已持仓,,,,
2026-04-03,12,600722,金牛化工,86.89,12.82,31.4,2026-04-07,13.46,0.0,1.97,买入,2026-04-08,14.806000000000003,止盈,9.89
2026-04-07,19,002506,协鑫集成,84.66,10.1,29.77,2026-04-08,4.54,0.0,3.653,已持仓,,,,
2026-04-08,7,002150,正泰电源,73.17,5.71,28.04,2026-04-09,29.5,0.0,-1.007,买入,2026-04-10,32.99,止盈(高开),11.72
2026-04-09,12,002506,协鑫集成,80.02,6.79,29.77,2026-04-10,4.45,0.0,1.136,已持仓,,,,
2026-04-10,12,603017,中衡设计,70.77,7.92,27.02,2026-04-13,13.36,0.0,-0.224,买入,2026-04-16,12.8256,止损,-4.1
2026-04-13,2,002788,鹭燕医药,87.06,15.15,28.49,2026-04-14,14.64,0.0,0.137,已持仓,,,,
2026-04-14,1,002788,鹭燕医药,94.92,11.44,29.57,2026-04-15,14.62,0.0,0.828,已持仓,,,,
2026-04-15,3,002506,协鑫集成,82.88,8.2,29.77,2026-04-16,4.34,0.0,-0.686,已持仓,,,,
2026-04-20,5,600636,退市国化,83.36,6.99,27.08,2026-04-21,5.69,0.0,-1.727,买入,2026-04-22,6.259000000000001,止盈,9.89
2026-04-23,1,603787,新日股份,91.42,5.18,29.92,2026-04-24,12.0,0.0,-0.415,买入,2026-05-14,11.52,止损,-4.1
2026-04-29,6,300775,三角防务,88.0,5.88,27.5,2026-04-30,29.2,0.0,-0.239,已持仓,,,,
2026-04-30,7,300858,科拓生物,85.51,8.26,27.27,2026-05-06,17.89,0.0,0.224,已持仓,,,,
2026-05-06,4,300858,科拓生物,91.42,7.25,27.27,2026-05-07,18.28,0.0,0.605,已持仓,,,,
2026-05-07,3,300858,科拓生物,86.7,7.93,28.33,2026-05-08,17.96,0.0,0.335,已持仓,,,,
2026-05-14,2,002560,通达股份,90.77,28.81,28.55,2026-05-15,11.08,0.0,-4.565,低开跳过,,,,
2026-05-15,5,605287,德才股份,84.52,7.08,29.77,2026-05-18,48.1,0.0,-0.125,买入,2026-05-25,52.910000000000004,止盈,9.89
2026-05-18,3,600338,西藏珠峰,87.34,6.9,27.51,2026-05-19,21.05,0.0,-0.848,已持仓,,,,
2026-05-19,4,600338,西藏珠峰,90.83,7.67,29.0,2026-05-20,20.29,0.0,-0.049,已持仓,,,,
2026-05-20,1,603319,美湖股份,90.14,6.35,29.08,2026-05-21,30.59,0.0,1.258,已持仓,,,,
2026-05-21,2,600338,西藏珠峰,91.18,6.63,30.23,2026-05-22,20.23,0.0,1.505,已持仓,,,,
2026-05-22,10,002866,传艺科技,88.85,6.72,29.1,2026-05-25,22.01,0.0,0.045,已持仓,,,,
2026-05-25,7,603399,永杉锂业,92.62,9.56,31.97,2026-05-26,17.27,0.0,-1.651,买入,2026-05-28,16.5792,止损,-4.1
2026-05-26,8,002866,传艺科技,90.95,5.52,31.97,2026-05-27,20.68,0.0,-0.481,已持仓,,,,
2026-05-27,16,300300,海峡创新,87.13,8.07,32.74,2026-05-28,9.75,0.0,1.036,已持仓,,,,
2026-05-28,21,603520,司太立,86.3,5.28,27.0,2026-05-29,10.79,0.0,0.841,买入,2026-06-01,10.25,止损(低开),-5.1
2026-05-29,14,603520,司太立,87.58,5.15,29.16,2026-06-01,10.25,0.0,-0.485,已持仓,,,,
2026-06-01,10,002902,铭普光磁,90.36,12.89,27.42,2026-06-02,31.72,0.0,0.316,买入,2026-06-05,34.892,止盈,9.89
2026-06-02,2,301696,三瑞智能,92.14,15.51,29.28,2026-06-03,121.01,0.0,-1.706,已持仓,,,,
2026-06-04,9,301513,尚水智能,89.72,7.38,28.79,2026-06-05,66.0,0.0,-0.422,已持仓,,,,
2026-06-05,25,688551,科威尔,87.42,5.46,28.55,2026-06-08,49.34,0.0,-8.765,低开跳过,,,,
2026-06-08,15,688512,慧智微,87.53,5.8,32.2,2026-06-09,12.68,0.0,2.423,买入,2026-06-12,13.98,止盈(高开),10.14
2026-06-09,27,000880,潍柴重机,90.74,5.82,28.56,2026-06-10,25.9,0.0,-1.183,已持仓,,,,
2026-06-10,25,301189,奥尼电子,90.74,5.5,31.84,2026-06-11,71.0,0.0,-1.798,已持仓,,,,
2026-06-11,11,002015,协鑫能科,94.22,5.92,30.47,2026-06-12,18.0,0.0,1.523,已持仓,,,,
2026-06-12,3,300959,线上线下,95.75,12.34,31.11,2026-06-15,167.93,0.0,2.509,买入,2026-06-17,161.2128,止损,-4.1
2021-02-05,1,600121,郑州煤电,83.17,7.34,28.48,2021-02-08,4.82,0.0,0.0,买入,2021-02-09,5.3020000000000005,止盈,9.83
2021-04-14,3,603222,济民健康,76.98,6.81,28.15,2021-04-15,16.4,0.0,0.061,买入,2021-04-16,15.743999999999998,止损,-4.15
2021-04-26,1,002222,福晶科技,86.23,5.77,27.31,2021-04-27,15.59,0.0,0.841,买入,2021-04-28,14.9664,止损,-4.15
2021-06-29,1,002679,福建金森,80.54,8.14,27.24,2021-06-30,18.78,0.0,-1.21,买入,2021-07-01,18.0288,止损,-4.15
2021-07-28,3,605337,李子园,79.5,6.13,27.15,2021-07-29,44.72,0.0,0.698,买入,2021-08-09,49.192,止盈,9.83
2021-08-27,1,688317,之江生物,87.5,8.84,29.78,2021-08-30,52.5,0.0,-0.812,买入,2021-08-31,50.4,止损,-4.15
2021-09-08,1,605117,德业股份,84.93,5.92,28.33,2021-09-09,175.0,0.0,-1.851,买入,2021-09-10,192.50000000000003,止盈,9.83
2021-09-27,2,300688,创业黑马,89.13,21.46,32.76,2021-09-28,28.98,0.0,1.649,买入,2021-09-29,31.878000000000004,止盈,9.83
2021-09-29,1,300505,川金诺,90.14,10.56,27.99,2021-09-30,34.43,0.0,3.084,买入,2021-10-08,38.4,止盈(高开),11.36
2021-10-13,4,300437,清水源,87.55,15.06,29.2,2021-10-14,16.57,0.0,-0.659,买入,2021-10-20,18.227,止盈,9.83
2021-10-15,3,300437,清水源,90.92,17.15,30.51,2021-10-18,16.19,0.0,1.188,已持仓,,,,
2021-12-17,1,688280,精进电动,85.05,7.61,27.51,2021-12-20,16.27,0.0,0.308,买入,2021-12-27,15.6192,止损,-4.15
2021-12-20,2,688280,精进电动,86.11,7.46,27.51,2021-12-21,16.23,0.0,0.309,已持仓,,,,
2021-12-21,2,688280,精进电动,92.74,5.58,27.51,2021-12-22,16.69,0.0,1.521,已持仓,,,,
2021-12-22,2,688280,精进电动,85.92,6.34,27.51,2021-12-23,16.8,0.0,0.599,已持仓,,,,
2021-12-23,2,688280,精进电动,83.59,8.83,27.69,2021-12-24,16.72,0.0,-0.179,已持仓,,,,
2021-12-24,2,688280,精进电动,88.98,8.69,29.63,2021-12-27,15.71,0.0,-0.821,已持仓,,,,
2021-12-27,2,002357,富临运业,90.96,10.54,28.2,2021-12-28,6.56,0.0,0.153,买入,2022-01-04,6.297599999999999,止损,-4.15
2021-12-28,2,002357,富临运业,84.78,8.34,28.54,2021-12-29,6.44,0.0,0.468,已持仓,,,,
2021-12-30,3,002357,富临运业,81.49,10.0,28.99,2021-12-31,6.5,0.0,-0.763,已持仓,,,,
2021-12-31,1,688280,精进电动,90.08,5.79,31.83,2022-01-04,15.4,0.0,0.984,已持仓,,,,
2022-01-05,4,002357,富临运业,81.84,8.6,30.79,2022-01-06,6.4,0.0,-0.775,冷却期,,,,
2022-01-19,2,688317,之江生物,84.71,10.65,29.71,2022-01-20,57.0,0.0,-0.489,买入,2022-01-21,52.5,止损(低开),-8.03
2022-01-20,2,688317,之江生物,85.92,10.7,32.7,2022-01-21,52.5,0.0,-2.052,已持仓,,,,
2022-01-21,2,002256,兆新股份,87.81,8.34,29.22,2022-01-24,3.72,0.0,0.0,买入,2022-01-26,3.39,止损(低开),-9.01
2022-01-24,2,603230,内蒙新华,89.32,11.94,29.58,2022-01-25,16.2,0.0,-1.22,已持仓,,,,
2022-01-25,2,002584,西陇科学,87.18,14.65,27.94,2022-01-26,9.38,0.0,4.222,已持仓,,,,
2022-01-26,1,002584,西陇科学,99.49,11.41,27.94,2022-01-27,9.2,0.0,0.767,买入,2022-01-28,8.831999999999999,止损,-4.15
2022-01-27,1,002584,西陇科学,96.5,13.23,29.06,2022-01-28,9.0,0.0,0.559,已持仓,,,,
2022-01-28,2,002584,西陇科学,93.3,10.8,29.86,2022-02-07,9.09,0.0,0.888,冷却期,,,,
2022-02-07,4,300447,全信股份,88.2,6.88,28.12,2022-02-08,17.1,0.0,0.647,买入,2022-02-09,18.810000000000002,止盈,9.83
2022-02-25,3,002104,恒宝股份,85.54,33.37,31.03,2022-02-28,13.2,0.0,4.845,买入,2022-03-01,12.41,止损(低开),-6.13
2022-02-28,2,002104,恒宝股份,83.73,29.03,31.03,2022-03-01,12.41,0.0,-3.873,已持仓,,,,
2022-03-03,2,300561,汇金科技,88.62,14.45,27.52,2022-03-04,13.23,0.0,-2.0,买入,2022-03-07,12.7008,止损,-4.15
2022-03-04,2,300561,汇金科技,90.38,10.08,29.65,2022-03-07,13.05,0.0,0.0,已持仓,,,,
2022-03-08,2,688005,容百科技,88.88,9.8,31.07,2022-03-09,108.0,0.0,3.647,买入,2022-03-10,120.0,止盈(高开),10.94
2022-03-16,1,688075,安旭生物,88.49,10.25,29.28,2022-03-17,227.88,0.0,0.774,买入,2022-03-18,250.668,止盈,9.83
2022-04-07,1,002069,獐子岛,86.76,5.94,28.16,2022-04-08,4.05,0.0,-0.491,买入,2022-04-11,3.86,止损(低开),-4.84
2022-04-08,3,603215,比依股份,83.03,12.78,28.43,2022-04-11,16.11,0.0,-0.678,已持仓,,,,
2022-04-11,1,002657,中科金财,94.04,23.14,31.7,2022-04-12,17.15,0.0,0.351,买入,2022-04-13,16.464,止损,-4.15
2022-04-13,1,603122,合富中国,88.98,18.09,27.46,2022-04-14,14.2,0.0,0.638,买入,2022-04-15,15.64,止盈(高开),9.97
2022-04-14,15,002104,恒宝股份,70.52,9.1,30.01,2022-04-15,10.06,0.0,-1.758,已持仓,,,,
2022-04-15,3,300387,富邦科技,90.51,11.48,27.39,2022-04-18,8.3,0.0,-1.19,买入,2022-04-19,9.13,止盈,9.83
2022-04-18,1,300387,富邦科技,96.0,6.84,29.04,2022-04-19,8.35,0.0,0.481,已持仓,,,,
2022-04-20,1,002603,以岭药业,89.55,10.47,27.11,2022-04-21,29.62,0.0,1.196,买入,2022-04-22,28.4352,止损,-4.15
2022-04-21,1,300649,杭州园林,95.87,5.58,29.21,2022-04-22,24.11,0.0,0.041,已持仓,,,,
2022-04-22,4,002537,海联金汇,89.2,6.51,31.17,2022-04-25,7.92,0.0,-2.222,低开跳过,,,,
2022-04-25,1,603122,合富中国,90.81,20.92,30.58,2022-04-26,12.0,0.0,-3.382,冷却期,,,,
2022-04-26,1,000430,张家界,91.91,6.86,28.67,2022-04-27,5.16,0.0,-1.338,买入,2022-05-13,5.676000000000001,止盈,9.83
2022-04-27,4,601086,国芳集团,81.57,6.41,27.02,2022-04-28,4.11,0.0,-3.066,已持仓,,,,
2022-04-28,8,688317,之江生物,86.62,7.09,30.92,2022-04-29,30.9,0.0,0.717,已持仓,,,,
2022-04-29,4,000715,中兴商业,82.29,20.0,27.06,2022-05-05,6.57,0.0,-4.92,已持仓,,,,
2022-05-13,1,002685,华东重机,87.18,11.43,28.31,2022-05-16,3.29,0.0,-5.187,低开跳过,,,,
2022-05-17,2,603078,江化微,80.29,5.11,29.36,2022-05-18,23.89,0.0,-1.24,买入,2022-05-24,22.9344,止损,-4.15
2022-05-18,1,002686,亿利达,86.23,22.45,28.33,2022-05-19,5.43,0.0,-4.737,已持仓,,,,
2022-05-19,1,002686,亿利达,84.91,14.29,30.53,2022-05-20,5.57,0.0,0.0,已持仓,,,,
2022-05-20,2,002686,亿利达,93.59,10.15,30.53,2022-05-23,5.46,0.0,0.0,已持仓,,,,
2022-05-23,1,002686,亿利达,95.98,6.81,30.53,2022-05-24,5.47,0.0,-0.364,已持仓,,,,
2022-05-31,3,688317,之江生物,89.1,10.01,27.67,2022-06-01,38.88,0.0,-0.892,买入,2022-06-14,37.3248,止损,-4.15
2022-06-01,2,002137,实益达,96.33,17.36,32.85,2022-06-02,5.19,0.0,0.193,已持仓,,,,
2022-06-02,2,688317,之江生物,94.11,6.85,27.97,2022-06-06,39.4,0.0,0.408,已持仓,,,,
2022-06-15,1,001212,中旗新材,91.75,49.75,27.6,2022-06-16,47.53,0.0,1.02,买入,2022-06-17,52.28300000000001,止盈,9.83
2022-06-29,1,000017,深中华A,86.48,19.17,31.22,2022-06-30,4.52,0.0,-0.877,买入,2022-07-04,4.339199999999999,止损,-4.15
2022-07-01,3,000037,深南电A,72.74,8.59,29.14,2022-07-04,8.41,0.0,0.238,已持仓,,,,
2022-07-04,2,000037,深南电A,77.38,5.42,29.14,2022-07-05,8.12,0.0,-0.976,买入,2022-07-13,7.795199999999999,止损,-4.15
2022-07-05,1,300731,科创新源,95.95,8.75,29.14,2022-07-06,22.5,0.0,-1.875,已持仓,,,,
2022-07-06,2,300731,科创新源,95.7,5.89,30.17,2022-07-07,22.6,0.0,-0.528,已持仓,,,,
2022-07-12,2,002348,高乐股份,82.66,20.48,29.28,2022-07-13,2.39,0.0,-2.449,已持仓,,,,
2022-07-22,1,002796,世嘉科技,89.16,20.59,27.93,2022-07-25,10.84,0.0,0.185,买入,2022-07-26,10.4,止损(低开),-4.2
2022-07-25,1,002796,世嘉科技,92.39,14.72,31.6,2022-07-26,10.4,0.0,0.0,已持仓,,,,
2022-07-26,2,002796,世嘉科技,92.78,10.1,32.67,2022-07-27,10.23,0.0,-0.486,冷却期,,,,
2022-07-27,2,002796,世嘉科技,88.29,11.67,32.67,2022-07-28,10.45,0.0,-0.476,冷却期,,,,
2022-07-28,2,002796,世嘉科技,87.47,10.41,32.67,2022-07-29,10.43,0.0,-0.856,冷却期,,,,
2022-08-05,3,002666,德联集团,85.62,30.98,32.25,2022-08-08,6.0,0.0,-1.478,买入,2022-08-17,6.6000000000000005,止盈,9.83
2022-08-08,2,000837,秦川机床,86.57,14.16,27.71,2022-08-09,10.54,0.0,0.285,已持仓,,,,
2022-08-09,1,000837,秦川机床,85.76,14.03,27.71,2022-08-10,10.33,0.0,-1.899,已持仓,,,,
2022-08-11,4,002494,华斯股份,66.7,5.52,28.0,2022-08-12,4.49,0.0,0.0,已持仓,,,,
2022-08-24,1,002077,大港股份,88.63,22.34,28.53,2022-08-25,16.01,0.0,-3.028,低开跳过,,,,
2022-08-25,2,688160,步科股份,85.99,10.91,30.79,2022-08-26,41.25,0.0,-0.121,买入,2022-08-30,39.6,止损,-4.15
2022-08-26,1,002471,中超控股,86.04,5.44,31.98,2022-08-29,2.82,0.0,-1.399,已持仓,,,,
2022-08-29,4,688155,先惠技术,87.5,8.12,28.27,2022-08-30,85.9,0.0,0.468,已持仓,,,,
2022-08-30,1,688155,先惠技术,86.03,5.85,30.69,2022-08-31,81.23,0.0,-4.435,低开跳过,,,,
2022-08-31,2,001212,中旗新材,93.68,5.15,28.73,2022-09-01,27.87,0.0,0.0,买入,2022-09-02,30.657000000000004,止盈,9.83
2022-09-01,2,001212,中旗新材,96.52,5.04,28.73,2022-09-02,29.56,0.0,3.068,已持仓,,,,
2022-09-02,2,001212,中旗新材,94.41,6.53,28.73,2022-09-05,28.99,0.0,0.173,冷却期,,,,
2022-09-05,5,002045,国光电器,89.34,11.41,29.17,2022-09-06,13.07,0.0,1.554,买入,2022-09-09,12.5472,止损,-4.15
2022-09-06,4,002012,凯恩股份,86.89,7.2,27.55,2022-09-07,5.55,0.0,-0.538,已持仓,,,,
2022-09-07,3,002012,凯恩股份,86.31,6.15,27.55,2022-09-08,5.62,0.0,-0.531,已持仓,,,,
2022-09-08,5,002045,国光电器,86.1,18.67,29.17,2022-09-09,12.75,0.0,-0.546,已持仓,,,,
2022-09-14,5,002115,三维通信,67.12,12.89,27.8,2022-09-15,5.19,0.0,0.777,买入,2022-09-16,4.97,止损(低开),-4.38
2022-09-15,5,000151,中成股份,87.32,14.86,29.44,2022-09-16,11.79,0.0,0.0,已持仓,,,,
2022-09-19,14,002278,神开股份,83.55,15.71,28.47,2022-09-20,4.99,0.0,-0.2,买入,2022-09-30,4.7904,止损,-4.15
2022-09-23,9,300517,海波重科,89.21,8.95,31.47,2022-09-26,13.71,0.0,-2.35,已持仓,,,,
2022-09-30,12,000678,襄阳轴承,89.11,5.81,29.15,2022-10-10,5.49,0.0,1.105,买入,2022-10-17,6.039000000000001,止盈,9.83
2022-10-10,1,000957,中通客车,97.61,9.3,29.53,2022-10-11,13.12,0.0,0.153,已持仓,,,,
2022-10-11,5,000620,盈新发展,95.42,10.7,32.66,2022-10-12,3.08,0.0,0.654,已持仓,,,,
2022-10-13,3,000957,中通客车,83.93,8.27,29.53,2022-10-14,13.49,0.0,0.447,已持仓,,,,
2022-10-26,1,603363,傲农生物,84.62,6.65,28.12,2022-10-27,13.51,0.0,-0.662,买入,2022-10-28,12.9696,止损,-4.15
2022-10-27,1,002796,世嘉科技,91.29,13.14,27.08,2022-10-28,9.53,0.0,-0.729,已持仓,,,,
2022-10-28,1,002137,实益达,90.9,22.91,27.05,2022-10-31,6.09,0.0,-2.247,低开跳过,,,,
2022-10-31,2,002137,实益达,92.93,16.66,29.39,2022-11-01,6.17,0.0,-0.323,买入,2022-11-15,6.787000000000001,止盈,9.83
2022-11-24,1,002279,久其软件,92.49,5.76,27.26,2022-11-25,6.06,0.0,0.0,买入,2022-12-08,5.8176,止损,-4.15
2022-11-25,1,002279,久其软件,89.8,7.39,27.26,2022-11-28,5.89,0.0,-2.322,已持仓,,,,
2022-11-28,2,002474,榕基软件,88.91,13.86,28.33,2022-11-29,8.75,0.0,-0.681,已持仓,,,,
2022-11-29,2,002474,榕基软件,87.44,16.12,28.33,2022-11-30,8.76,0.0,-0.905,已持仓,,,,
2022-11-30,1,002474,榕基软件,82.17,17.6,28.33,2022-12-01,8.92,0.0,-0.335,已持仓,,,,
2022-12-06,1,002317,众生药业,89.87,15.48,29.91,2022-12-07,28.7,0.0,0.035,已持仓,,,,
2022-12-07,1,002317,众生药业,88.23,13.9,29.91,2022-12-08,28.7,0.0,-1.914,已持仓,,,,
2022-12-08,1,688137,近岸蛋白,93.17,9.81,27.77,2022-12-09,87.78,0.0,1.036,买入,2022-12-13,84.2688,止损,-4.15
2022-12-20,5,002603,以岭药业,80.54,7.07,28.09,2022-12-21,38.86,0.0,-1.595,买入,2022-12-22,37.3056,止损,-4.15
2022-12-22,3,300434,金石亚药,88.4,11.11,31.26,2022-12-23,16.12,0.0,0.062,买入,2022-12-27,15.475200000000001,止损,-4.15
2022-12-23,4,603130,云中马,88.0,19.64,30.51,2022-12-26,26.81,0.0,-1.143,已持仓,,,,
2022-12-27,1,688075,安旭生物,94.48,7.62,28.5,2022-12-28,85.69,0.0,0.281,买入,2023-01-18,87.86,到期,2.38
2023-01-12,2,002095,生意宝,91.18,8.31,27.33,2023-01-13,22.13,0.0,0.09,已持仓,,,,
2023-01-13,5,002095,生意宝,84.79,7.12,28.37,2023-01-16,21.72,0.0,0.185,已持仓,,,,
2023-01-18,6,002095,生意宝,84.78,5.64,32.23,2023-01-19,20.62,0.0,0.536,买入,2023-02-02,22.682000000000002,止盈,9.83
2023-01-31,2,300562,乐心医疗,72.4,6.57,27.79,2023-02-01,9.71,0.0,0.103,已持仓,,,,
2023-02-01,1,002721,金一文化,83.31,8.62,27.11,2023-02-02,3.35,0.0,0.299,已持仓,,,,
2023-02-08,1,002785,万里石,83.18,16.91,27.07,2023-02-09,24.46,0.0,-0.448,买入,2023-03-01,24.73,到期,0.95
2023-02-09,1,002785,万里石,91.17,8.13,27.07,2023-02-10,24.25,0.0,0.041,已持仓,,,,
2023-02-16,2,002855,捷荣技术,86.96,7.21,29.21,2023-02-17,10.6,0.0,0.0,已持仓,,,,
2023-03-16,5,300427,红相股份,83.64,5.98,29.06,2023-03-17,14.52,0.0,0.0,买入,2023-03-20,13.9392,止损,-4.15
2023-04-25,4,300607,拓斯达,91.55,10.65,30.57,2023-04-26,11.58,0.0,-1.447,买入,2023-05-18,12.738000000000001,止盈,9.83
2023-04-26,2,301313,凡拓数创,92.37,11.69,28.97,2023-04-27,32.99,0.0,0.887,已持仓,,,,
2023-04-27,2,301313,凡拓数创,90.54,7.81,28.97,2023-04-28,32.48,0.0,0.371,已持仓,,,,
2023-04-28,1,605133,嵘泰股份,95.15,5.99,28.79,2023-05-04,27.63,0.0,-0.108,已持仓,,,,
2023-05-04,1,605133,嵘泰股份,96.95,5.59,28.79,2023-05-05,27.72,0.0,-0.467,已持仓,,,,
2023-05-05,18,688350,富淼科技,72.23,5.16,32.77,2023-05-08,16.27,0.0,0.0,已持仓,,,,
2023-05-09,17,002584,西陇科学,77.3,10.63,32.53,2023-05-10,5.02,0.0,-1.953,已持仓,,,,
2023-05-10,11,001309,德明利,88.7,7.27,27.33,2023-05-11,63.4,0.0,0.126,已持仓,,,,
2023-05-12,2,000620,盈新发展,91.29,7.54,30.17,2023-05-15,1.2,0.0,-4.0,已持仓,,,,
2023-05-16,7,300426,华智数媒,87.58,8.36,30.57,2023-05-17,11.94,0.0,-0.995,已持仓,,,,
2023-05-17,11,300426,华智数媒,80.56,5.79,32.03,2023-05-18,12.23,0.0,0.246,已持仓,,,,
2023-05-19,11,002425,凯撒文化,80.58,5.0,28.3,2023-05-22,5.37,0.0,-0.371,买入,2023-05-23,5.1552,止损,-4.15
2023-06-06,11,688176,亚虹医药,83.71,5.85,28.18,2023-06-07,11.79,0.0,-0.758,买入,2023-06-08,11.318399999999999,止损,-4.15
2023-06-07,5,605580,恒盛能源,88.76,18.95,27.69,2023-06-08,13.18,0.0,0.0,已持仓,,,,
2023-06-14,2,300753,爱朋医疗,92.97,12.85,32.02,2023-06-15,18.72,0.0,-0.531,买入,2023-06-26,17.95,止损(低开),-4.26
2023-06-28,4,300502,新易盛,83.98,10.26,32.09,2023-06-29,58.0,0.0,1.754,买入,2023-06-30,63.800000000000004,止盈,9.83
2023-06-29,11,300688,创业黑马,64.12,7.71,29.55,2023-06-30,32.76,0.0,0.061,已持仓,,,,
2023-07-03,11,688156,路德科技,62.59,5.22,27.73,2023-07-04,26.88,0.0,-0.334,买入,2023-07-24,29.21,到期,8.5
2023-07-05,2,002343,慈文传媒,86.54,7.08,27.76,2023-07-06,7.17,0.0,0.28,已持仓,,,,
2023-07-10,2,002535,林州重机,87.18,20.89,30.18,2023-07-11,4.46,0.0,4.206,已持仓,,,,
2023-07-11,1,002535,林州重机,92.51,14.97,30.18,2023-07-12,4.83,0.0,9.524,已持仓,,,,
2023-07-12,6,688195,腾景科技,73.95,8.01,29.63,2023-07-13,41.39,0.0,0.804,已持仓,,,,
2023-07-25,3,000037,深南电A,71.01,6.78,27.27,2023-07-26,11.09,0.0,0.271,买入,2023-07-27,10.6464,止损,-4.15
2023-07-26,2,002590,万安科技,85.48,6.73,28.59,2023-07-27,12.31,0.0,6.765,已持仓,,,,
2023-07-27,2,002590,万安科技,88.82,12.9,28.59,2023-07-28,11.24,0.0,-3.27,低开跳过,,,,
2023-07-28,2,301386,未来电器,90.88,11.09,28.14,2023-07-31,26.93,0.0,-0.847,买入,2023-08-03,29.623,止盈,9.83
2023-07-31,1,301386,未来电器,91.37,10.45,28.14,2023-08-01,27.03,0.0,-0.369,已持仓,,,,
2023-08-02,6,301386,未来电器,80.78,13.69,28.7,2023-08-03,28.0,0.0,1.486,已持仓,,,,
2023-08-08,7,002864,盘龙药业,82.09,8.45,27.34,2023-08-09,35.55,0.0,0.0,买入,2023-08-18,34.12799999999999,止损,-4.15
2023-08-15,9,000890,法尔胜,72.66,8.98,27.48,2023-08-16,4.56,0.0,0.0,已持仓,,,,
2023-08-18,10,002045,国光电器,81.48,5.21,28.21,2023-08-21,13.51,0.0,-1.387,买入,2023-08-22,12.9696,止损,-4.15
2023-08-21,11,000980,众泰汽车,77.77,5.03,27.36,2023-08-22,3.95,0.0,1.542,已持仓,,,,
2023-08-22,1,000411,英特集团,95.78,6.44,27.59,2023-08-23,11.67,0.0,0.086,买入,2023-09-12,12.03,到期,2.98
2023-08-23,1,000411,英特集团,99.06,5.58,27.59,2023-08-24,11.6,0.0,-0.855,已持仓,,,,
2023-08-25,14,301499,维科精密,83.52,22.53,31.65,2023-08-28,34.9,0.0,7.22,已持仓,,,,
2023-08-28,5,000411,英特集团,96.34,5.14,27.97,2023-08-29,11.71,0.0,-0.425,已持仓,,,,
2023-09-08,2,300561,汇金科技,90.97,6.06,29.89,2023-09-11,13.13,0.0,-0.455,已持仓,,,,
2023-09-11,2,300749,顶固集创,87.64,14.88,28.66,2023-09-12,8.9,0.0,-0.559,已持仓,,,,
2023-09-12,2,300749,顶固集创,86.71,10.1,28.66,2023-09-13,9.01,0.0,-0.662,买入,2023-10-11,9.12,到期,1.12
2023-09-14,4,300588,熙菱信息,86.39,21.53,27.21,2023-09-15,12.5,0.0,-3.176,已持仓,,,,
2023-09-27,1,301313,凡拓数创,98.51,13.38,30.03,2023-09-28,37.01,0.0,-1.674,已持仓,,,,
2023-10-09,1,300649,杭州园林,92.86,5.31,29.27,2023-10-10,18.5,0.0,0.0,已持仓,,,,
2023-10-19,2,300735,光弘科技,92.54,11.48,30.3,2023-10-20,17.6,0.0,-1.786,买入,2023-10-24,19.360000000000003,止盈,9.89
2023-10-20,5,300351,永贵电器,90.75,15.6,30.09,2023-10-23,18.35,0.0,-0.054,已持仓,,,,
2023-10-23,2,300502,新易盛,90.11,9.64,31.62,2023-10-24,34.33,0.0,2.754,已持仓,,,,
2023-10-24,4,300502,新易盛,91.72,7.17,31.62,2023-10-25,33.95,0.0,-0.029,买入,2023-10-26,32.26,止损(低开),-5.07
2023-10-30,5,002708,光洋股份,82.54,6.35,29.44,2023-10-31,7.7,0.0,-0.388,买入,2023-11-01,8.47,止盈,9.89
2023-11-28,2,002103,广博股份,88.28,20.49,28.07,2023-11-29,7.22,0.0,0.278,买入,2023-12-15,7.942,止盈,9.89
2023-11-29,1,002103,广博股份,99.17,14.05,28.27,2023-11-30,7.2,0.0,-0.826,已持仓,,,,
2023-11-30,1,002103,广博股份,93.6,15.7,28.47,2023-12-01,7.32,0.0,-0.136,已持仓,,,,
2023-12-01,3,300637,扬帆新材,83.35,7.33,27.22,2023-12-04,10.95,0.0,0.922,已持仓,,,,
2023-12-04,2,300637,扬帆新材,82.52,9.3,27.22,2023-12-05,11.02,0.0,0.916,已持仓,,,,
2023-12-05,1,300637,扬帆新材,90.85,7.27,27.22,2023-12-06,10.53,0.0,-0.095,已持仓,,,,
2023-12-06,1,603273,天元智能,97.35,11.09,27.39,2023-12-07,24.6,0.0,-0.081,已持仓,,,,
2023-12-07,4,002137,实益达,76.57,9.37,27.32,2023-12-08,7.35,0.0,-0.676,已持仓,,,,
2023-12-08,3,002137,实益达,83.87,8.51,27.32,2023-12-11,7.14,0.0,-0.695,已持仓,,,,
2023-12-12,1,300538,同益股份,93.69,7.17,29.24,2023-12-13,18.88,0.0,-0.527,已持仓,,,,
2023-12-18,2,300538,同益股份,88.68,8.02,31.18,2023-12-19,18.37,0.0,-1.607,买入,2023-12-20,20.207000000000004,止盈,9.89
2023-12-20,2,301499,维科精密,90.97,7.84,28.54,2023-12-21,30.45,0.0,-0.62,买入,2023-12-25,29.232,止损,-4.1
2023-12-21,5,301499,维科精密,90.18,7.35,28.54,2023-12-22,30.39,0.0,0.099,已持仓,,,,
2023-12-22,5,603153,上海建科,87.55,31.31,31.95,2023-12-25,20.51,0.0,-0.533,已持仓,,,,
2023-12-25,8,603153,上海建科,85.09,21.5,32.76,2023-12-26,20.63,0.0,0.146,买入,2023-12-27,19.804799999999997,止损,-4.1
2023-12-26,6,301499,维科精密,87.0,6.32,32.13,2023-12-27,28.35,0.0,0.106,已持仓,,,,
2023-12-27,13,002712,思美传媒,83.66,5.92,28.48,2023-12-28,5.45,0.0,0.368,买入,2024-01-16,5.232,止损,-4.1
2023-12-28,3,002712,思美传媒,86.71,5.57,30.07,2023-12-29,5.44,0.0,0.0,已持仓,,,,
2024-01-03,1,605133,嵘泰股份,96.57,7.38,29.07,2024-01-04,25.73,0.0,0.039,已持仓,,,,
2024-01-05,1,605133,嵘泰股份,98.15,5.64,29.52,2024-01-08,25.27,0.0,-0.433,已持仓,,,,
2024-01-08,1,002632,道明光学,92.02,9.32,28.71,2024-01-09,8.35,0.0,-1.533,已持仓,,,,
2024-01-09,8,603004,鼎龙科技,87.09,49.45,32.65,2024-01-10,30.21,0.0,-2.265,已持仓,,,,
2024-01-10,8,002632,道明光学,81.66,7.78,31.11,2024-01-11,8.01,0.0,-0.373,已持仓,,,,
2024-01-11,7,002632,道明光学,83.73,6.71,31.88,2024-01-12,8.18,0.0,-0.969,已持仓,,,,
2024-01-12,7,002632,道明光学,82.92,6.07,31.88,2024-01-15,8.01,0.0,-0.125,已持仓,,,,
2024-01-15,11,002660,茂硕电源,69.63,5.25,31.28,2024-01-16,10.17,0.0,0.0,已持仓,,,,
2024-01-18,10,601086,国芳集团,80.26,5.95,27.12,2024-01-19,5.56,0.0,0.361,买入,2024-01-22,5.337599999999999,止损,-4.1
2024-01-19,24,605080,浙江自然,65.32,7.58,27.56,2024-01-22,21.1,0.0,0.716,已持仓,,,,
2024-01-22,12,603075,热威股份,88.41,9.93,29.55,2024-01-23,20.04,0.0,0.1,买入,2024-02-01,19.0,止损(低开),-5.29
2024-01-23,21,002235,安妮股份,87.66,5.57,27.18,2024-01-24,5.83,0.0,-0.171,已持仓,,,,
2024-01-24,27,603075,热威股份,79.68,8.08,29.59,2024-01-25,20.4,0.0,-0.633,已持仓,,,,
2024-01-26,11,603075,热威股份,78.76,6.08,29.59,2024-01-29,21.4,0.0,3.532,已持仓,,,,
2024-01-29,35,301512,智信精密,70.31,8.49,28.23,2024-01-30,47.82,0.0,-0.994,已持仓,,,,
2024-01-30,13,300350,华鹏飞,78.11,10.16,31.11,2024-01-31,4.7,0.0,0.0,已持仓,,,,
2024-01-31,5,300663,科蓝软件,83.89,8.73,27.92,2024-02-01,10.0,0.0,0.0,已持仓,,,,
2024-02-01,7,603324,盛剑科技,86.67,5.39,28.1,2024-02-02,23.05,0.0,-0.475,买入,2024-02-05,21.55,止损(低开),-6.6
2024-02-02,1,000532,华金资本,91.56,11.91,30.23,2024-02-05,11.76,0.0,-3.764,已持仓,,,,
2024-02-05,1,605133,嵘泰股份,95.68,5.72,27.17,2024-02-06,16.53,0.0,-0.84,买入,2024-02-07,18.183000000000003,止盈,9.89
2024-02-06,1,603122,合富中国,88.65,12.63,30.65,2024-02-07,5.68,0.0,1.429,已持仓,,,,
2024-02-07,4,603230,内蒙新华,85.88,25.36,29.7,2024-02-08,10.81,0.0,-4.252,低开跳过,,,,
2024-03-26,1,603011,合锻智能,88.38,8.48,30.25,2024-03-27,8.01,0.0,1.136,买入,2024-04-08,7.6895999999999995,止损,-4.1
2024-03-27,1,000917,电广传媒,94.67,9.21,29.99,2024-03-28,6.46,0.0,-0.462,已持仓,,,,
2024-03-28,1,000917,电广传媒,88.02,8.41,30.43,2024-03-29,6.55,0.0,-1.057,已持仓,,,,
2024-03-29,1,000917,电广传媒,88.46,6.95,30.97,2024-04-01,6.49,0.0,0.0,已持仓,,,,
2024-04-02,1,000917,电广传媒,84.92,7.49,32.39,2024-04-03,6.26,0.0,0.16,已持仓,,,,
2024-04-03,2,002611,东方精工,86.07,6.27,27.26,2024-04-08,6.77,0.0,-0.587,已持仓,,,,
2024-04-08,2,002611,东方精工,88.59,5.58,29.09,2024-04-09,6.61,0.0,0.152,买入,2024-04-15,6.3456,止损,-4.1
2024-04-09,1,002611,东方精工,94.39,5.44,29.53,2024-04-10,6.7,0.0,-0.149,已持仓,,,,
2024-04-10,1,002611,东方精工,95.51,5.95,30.39,2024-04-11,6.46,0.0,-1.223,已持仓,,,,
2024-04-11,2,002611,东方精工,90.2,7.08,30.82,2024-04-12,6.69,0.0,0.602,已持仓,,,,
2024-04-12,4,300548,长芯博创,85.37,8.61,31.64,2024-04-15,23.51,0.0,-0.844,已持仓,,,,
2024-04-15,2,300417,南华仪器,87.45,7.57,27.24,2024-04-16,6.66,0.0,-3.057,低开跳过,,,,
2024-04-16,3,301421,波长光电,92.99,11.99,27.3,2024-04-17,34.99,0.0,2.101,买入,2024-04-18,38.489000000000004,止盈,9.89
2024-04-18,1,002652,扬子新材,87.72,5.06,28.47,2024-04-19,2.07,0.0,0.0,买入,2024-04-22,1.9871999999999999,止损,-4.1
2024-04-22,4,301520,万邦医药,87.27,6.85,27.81,2024-04-23,41.79,0.0,-0.167,买入,2024-04-30,45.969,止盈,9.89
2024-04-30,1,300536,农尚环境,87.12,8.82,28.83,2024-05-06,11.23,0.0,0.089,买入,2024-05-07,12.353000000000002,止盈,9.89
2024-05-14,1,300721,怡达股份,76.6,9.46,27.13,2024-05-15,12.5,0.0,0.402,买入,2024-05-28,13.750000000000002,止盈,9.89
2024-05-15,2,603222,济民健康,67.12,10.69,27.01,2024-05-16,6.84,0.0,0.0,已持仓,,,,
2024-05-16,1,603222,济民健康,71.69,7.19,27.87,2024-05-17,6.87,0.0,-1.151,已持仓,,,,
2024-05-17,3,603232,格尔软件,69.73,5.17,29.94,2024-05-20,12.08,0.0,-0.33,已持仓,,,,
2024-05-29,7,000702,正虹科技,63.16,25.9,29.58,2024-05-30,5.83,0.0,0.344,买入,2024-05-31,5.28,止损(低开),-9.53
2024-05-30,3,300641,正丹股份,85.92,13.1,30.69,2024-05-31,24.3,0.0,1.166,已持仓,,,,
2024-06-03,1,300644,南京聚隆,88.73,16.1,28.01,2024-06-04,22.6,0.0,-0.309,买入,2024-06-05,21.696,止损,-4.1
2024-06-04,4,300644,南京聚隆,76.26,13.02,29.57,2024-06-05,22.59,0.0,0.0,已持仓,,,,
2024-06-05,4,300644,南京聚隆,81.04,11.09,30.38,2024-06-06,21.51,0.0,0.0,冷却期,,,,
2024-06-06,7,300611,美力科技,90.78,5.66,30.28,2024-06-07,7.5,0.0,2.599,买入,2024-06-25,7.19,止损(低开),-4.23
2024-06-07,7,301517,陕西华达,88.9,28.36,31.62,2024-06-11,56.99,0.0,-0.887,已持仓,,,,
2024-06-20,19,300722,新余国科,70.47,6.62,32.23,2024-06-21,20.0,0.0,-0.05,已持仓,,,,
2024-06-25,23,301315,威士顿,82.02,15.51,31.01,2024-06-26,33.8,0.0,-4.681,低开跳过,,,,
2024-06-27,9,600345,长江通信,87.69,7.16,27.69,2024-06-28,18.09,0.0,0.444,买入,2024-07-03,17.3664,止损,-4.1
2024-06-28,17,600345,长江通信,83.59,7.04,27.69,2024-07-01,17.98,0.0,0.391,已持仓,,,,
2024-07-01,12,600345,长江通信,85.43,5.93,29.0,2024-07-02,17.98,0.0,-0.498,已持仓,,,,
2024-07-02,22,603037,凯众股份,73.88,5.35,32.53,2024-07-03,13.13,0.0,0.0,已持仓,,,,
2024-07-05,5,001696,宗申动力,95.02,7.45,28.82,2024-07-08,9.8,0.0,0.41,买入,2024-07-09,9.408,止损,-4.1
2024-07-08,5,001696,宗申动力,90.33,6.31,30.16,2024-07-09,9.48,0.0,-0.105,已持仓,,,,
2024-07-10,44,300730,科创信息,73.74,17.22,29.95,2024-07-11,10.41,0.0,1.66,买入,2024-07-12,11.451,止盈,9.89
2024-07-17,47,001336,楚环科技,63.81,6.36,32.1,2024-07-18,16.21,0.0,-0.856,买入,2024-07-24,15.5616,止损,-4.1
2024-07-18,36,600287,苏豪时尚,67.55,5.09,29.07,2024-07-19,2.67,0.0,-1.111,已持仓,,,,
2024-07-25,4,300469,信息发展,96.36,11.21,27.9,2024-07-26,12.58,0.0,0.159,买入,2024-08-05,12.0768,止损,-4.1
2024-07-26,5,300469,信息发展,93.42,9.53,28.94,2024-07-29,12.49,0.0,0.241,已持仓,,,,
2024-07-30,9,300469,信息发展,83.7,12.15,28.94,2024-07-31,12.57,0.0,-1.797,已持仓,,,,
2024-08-08,2,300641,正丹股份,90.65,8.75,30.56,2024-08-09,21.81,0.0,-0.593,买入,2024-08-15,20.9376,止损,-4.1
2024-08-09,1,300641,正丹股份,101.68,7.08,30.82,2024-08-12,21.88,0.0,-0.995,已持仓,,,,
2024-08-12,2,301606,绿联科技,91.0,16.31,28.71,2024-08-13,29.85,0.0,-1.061,已持仓,,,,
2024-08-13,5,301606,绿联科技,78.19,15.96,30.34,2024-08-14,29.79,0.0,-0.832,已持仓,,,,
2024-08-14,4,301606,绿联科技,82.66,12.25,30.34,2024-08-15,29.4,0.0,-1.077,已持仓,,,,
2024-08-15,5,301606,绿联科技,84.98,14.47,30.34,2024-08-16,29.9,0.0,0.033,买入,2024-08-19,28.35,止损(低开),-5.28
2024-08-16,9,301606,绿联科技,82.48,17.37,30.34,2024-08-19,28.35,0.0,-2.174,已持仓,,,,
2024-08-19,6,301606,绿联科技,83.5,15.04,32.75,2024-08-20,28.0,0.0,0.322,冷却期,,,,
2024-08-21,7,300411,金盾股份,87.41,6.44,29.79,2024-08-22,10.23,0.0,-0.68,买入,2024-08-23,9.8208,止损,-4.1
2024-08-22,4,300411,金盾股份,88.77,5.67,31.16,2024-08-23,10.25,0.0,1.285,已持仓,,,,
2024-08-23,20,300718,长盛轴承,65.39,18.77,29.71,2024-08-26,12.7,0.0,-1.703,买入,2024-08-30,13.97,止盈,9.89
2024-08-26,3,301421,波长光电,93.01,13.77,27.89,2024-08-27,31.26,0.0,-0.319,已持仓,,,,
2024-08-27,1,301421,波长光电,99.93,10.64,30.91,2024-08-28,29.83,0.0,-1.127,已持仓,,,,
2024-08-28,1,301421,波长光电,101.54,8.98,31.05,2024-08-29,29.95,0.0,-0.663,已持仓,,,,
2024-08-29,1,301421,波长光电,93.07,11.23,31.05,2024-08-30,31.12,0.0,0.225,已持仓,,,,
2024-09-02,5,000628,高新发展,87.15,6.76,27.32,2024-09-03,35.16,0.0,-0.199,买入,2024-09-09,38.676,止盈,9.89
2024-09-03,7,301571,国科天成,86.44,32.49,32.92,2024-09-04,38.54,0.0,-0.976,已持仓,,,,
2024-09-04,2,301571,国科天成,93.22,29.7,32.92,2024-09-05,37.59,0.0,-1.905,已持仓,,,,
2024-09-09,7,301607,富特科技,77.96,62.42,28.9,2024-09-10,40.47,0.0,-2.926,低开跳过,,,,
2024-09-10,1,603004,鼎龙科技,94.06,11.82,28.18,2024-09-11,16.12,0.0,-0.983,买入,2024-09-27,17.732000000000003,止盈,9.89
2024-09-12,10,000058,深赛格,75.64,6.23,30.47,2024-09-13,6.25,0.0,0.16,已持仓,,,,
2024-09-13,4,002388,新亚制程,86.79,13.8,32.9,2024-09-18,3.95,0.0,-5.728,已持仓,,,,
2024-09-18,17,301326,捷邦科技,68.37,12.17,30.05,2024-09-19,30.4,0.0,0.963,已持仓,,,,
2024-09-19,9,002806,华锋股份,72.77,5.95,32.05,2024-09-20,8.58,0.0,-0.924,已持仓,,,,
2024-09-20,12,301326,捷邦科技,68.77,7.22,30.05,2024-09-23,30.5,0.0,-0.359,已持仓,,,,
2024-09-23,7,002130,沃尔核材,82.71,7.81,27.42,2024-09-24,11.06,0.0,0.0,已持仓,,,,
2024-10-10,1,300561,汇金科技,72.87,26.58,31.57,2024-10-11,17.05,0.0,-11.013,低开跳过,,,,
2024-10-11,2,300624,万兴科技,89.84,10.03,29.27,2024-10-14,55.4,0.0,0.145,买入,2024-10-15,60.940000000000005,止盈,9.89
2024-10-15,1,688166,博瑞医药,88.73,5.07,28.68,2024-10-16,29.01,0.0,-1.993,买入,2024-10-17,31.911000000000005,止盈,9.89
2024-10-16,13,301499,维科精密,75.11,8.33,29.17,2024-10-17,26.4,0.0,0.38,已持仓,,,,
2024-10-17,10,301499,维科精密,81.63,10.25,29.17,2024-10-18,25.97,0.0,0.309,买入,2024-10-22,28.567,止盈,9.89
2024-10-24,1,300468,四方精创,67.4,12.84,28.48,2024-10-25,22.21,0.0,1.416,买入,2024-10-28,21.29,止损(低开),-4.24
2024-10-25,1,300468,四方精创,72.9,13.36,28.48,2024-10-28,21.29,0.0,-1.435,已持仓,,,,
2024-11-01,1,300337,银邦股份,79.84,18.32,27.1,2024-11-04,17.0,0.0,7.459,买入,2024-11-05,18.700000000000003,止盈,9.89
2024-11-05,1,600198,大唐电信,68.98,18.3,27.05,2024-11-06,12.65,0.0,-0.394,买入,2024-11-07,12.0,止损(低开),-5.24
2024-11-06,1,002685,华东重机,81.61,17.84,28.41,2024-11-07,7.43,0.0,-2.493,已持仓,,,,
2024-11-07,1,600198,大唐电信,76.15,12.13,30.62,2024-11-08,12.02,0.0,0.754,冷却期,,,,
2024-11-13,1,603196,璞源材料,60.05,6.67,29.97,2024-11-14,14.88,0.0,-0.8,买入,2024-11-15,14.2,止损(低开),-4.67
2024-11-14,1,600221,海航控股,87.25,5.8,29.92,2024-11-15,1.71,0.0,-1.156,已持仓,,,,
2024-11-15,1,002510,天汽模,85.07,22.37,28.16,2024-11-18,6.1,0.0,-1.613,买入,2024-11-20,6.71,止盈,9.89
2024-11-18,1,600318,新力金融,89.77,8.76,27.05,2024-11-19,9.0,0.0,0.0,已持仓,,,,
2024-11-19,1,002173,创新医疗,76.86,7.7,28.66,2024-11-20,8.28,0.0,0.0,已持仓,,,,
2024-11-22,1,002388,新亚制程,93.06,10.04,28.02,2024-11-25,4.32,0.0,-0.231,买入,2024-11-26,4.12,止损(低开),-4.73
2024-11-25,2,002388,新亚制程,88.85,9.16,31.04,2024-11-26,4.12,0.0,0.0,已持仓,,,,
2024-11-26,1,002388,新亚制程,96.57,7.63,32.89,2024-11-27,4.0,0.0,-0.99,冷却期,,,,
2024-11-27,2,603079,圣达生物,87.93,9.01,29.89,2024-11-28,15.28,0.0,0.0,买入,2024-12-11,16.808,止盈,9.89
2024-11-28,1,603079,圣达生物,94.88,7.01,29.99,2024-11-29,15.28,0.0,1.731,已持仓,,,,
2024-11-29,1,002757,南兴股份,94.54,9.55,27.58,2024-12-02,15.14,0.0,-0.329,已持仓,,,,
2024-12-02,1,002757,南兴股份,86.57,8.83,27.58,2024-12-03,15.5,0.0,0.194,已持仓,,,,
2024-12-03,1,002045,国光电器,80.92,23.04,28.03,2024-12-04,18.6,0.0,-1.064,已持仓,,,,
2024-12-04,2,002862,实丰文化,80.53,20.83,28.51,2024-12-05,31.19,0.0,-0.795,已持仓,,,,
2024-12-05,1,002045,国光电器,83.79,16.97,29.58,2024-12-06,18.41,0.0,0.766,已持仓,,,,
2024-12-06,1,600327,大东方,84.17,23.67,28.24,2024-12-09,6.5,0.0,-2.695,已持仓,,,,
2024-12-09,1,600327,大东方,91.5,14.42,28.79,2024-12-10,6.72,0.0,2.595,已持仓,,,,
2024-12-10,1,600327,大东方,94.31,15.64,28.79,2024-12-11,6.45,0.0,-1.976,已持仓,,,,
2024-12-11,1,002301,齐心集团,82.52,5.9,28.07,2024-12-12,8.17,0.0,0.0,买入,2024-12-13,8.987,止盈,9.89
2024-12-12,2,001229,魅视科技,62.5,18.63,31.03,2024-12-13,41.0,0.0,-0.726,已持仓,,,,
2024-12-13,2,002312,川发龙蟒,55.74,8.76,27.84,2024-12-16,16.35,0.0,-0.969,买入,2024-12-18,17.985000000000003,止盈,9.89
2024-12-16,1,600172,黄河旋风,93.78,12.96,30.36,2024-12-17,4.5,0.0,0.0,已持仓,,,,
2024-12-17,1,600172,黄河旋风,94.84,8.99,32.39,2024-12-18,4.36,0.0,-0.457,已持仓,,,,
2024-12-18,1,600979,广安爱众,82.16,21.29,30.19,2024-12-19,5.6,0.0,-0.356,买入,2024-12-20,5.33,止损(低开),-4.92
2024-12-19,1,002862,实丰文化,84.51,14.93,28.09,2024-12-20,32.6,0.0,3.034,已持仓,,,,
2024-12-20,1,002862,实丰文化,95.35,16.48,28.09,2024-12-23,32.61,0.0,0.804,买入,2024-12-24,29.12,止损(低开),-10.79
2024-12-23,2,002348,高乐股份,81.66,8.03,30.43,2024-12-24,3.38,0.0,-3.977,已持仓,,,,
2024-12-24,2,000586,汇源通信,85.69,9.62,29.87,2024-12-25,9.69,0.0,-3.1,低开跳过,,,,
2024-12-25,7,300355,蒙草生态,80.53,6.61,29.59,2024-12-26,5.45,0.0,-0.366,买入,2024-12-31,5.232,止损,-4.1
2024-12-26,10,002741,光华科技,78.2,8.46,31.75,2024-12-27,17.8,0.0,0.451,已持仓,,,,
2024-12-27,4,688165,埃夫特,78.43,7.66,28.89,2024-12-30,26.97,0.0,2.353,已持仓,,,,
2024-12-30,7,300607,拓斯达,82.62,7.54,27.54,2024-12-31,27.2,0.0,1.04,已持仓,,,,
2024-12-31,12,301566,达利凯普,82.21,6.62,27.98,2025-01-02,16.6,0.0,0.973,买入,2025-01-03,15.936,止损,-4.1
2025-03-27,1,300895,铜牛信息,88.0,8.2,27.3,2025-03-28,47.94,0.0,-0.291,买入,2025-03-31,52.734,止盈,9.89
2025-04-07,1,300798,锦鸡股份,86.02,10.64,27.86,2025-04-08,6.25,0.0,0.969,买入,2025-04-09,6.0,止损,-4.1
2025-04-08,1,300798,锦鸡股份,90.59,9.89,27.86,2025-04-09,6.18,0.0,-3.286,已持仓,,,,
2025-04-25,2,000668,荣丰控股,81.74,6.27,28.11,2025-04-28,4.62,0.0,-4.149,低开跳过,,,,
2025-04-29,2,001256,炜冈科技,87.91,23.53,27.17,2025-04-30,21.1,0.0,1.102,买入,2025-05-06,23.210000000000004,止盈,9.89
2025-04-30,2,300892,品渥食品,88.87,10.38,31.65,2025-05-06,32.31,0.0,0.279,已持仓,,,,
2025-05-13,1,003003,天元股份,92.84,11.82,32.73,2025-05-14,11.69,0.0,0.086,买入,2025-05-27,12.859,止盈,9.89
2025-05-26,2,002813,路畅科技,89.81,6.49,29.41,2025-05-27,23.3,0.0,-0.043,已持仓,,,,
2025-05-27,1,002813,路畅科技,94.96,5.32,29.41,2025-05-28,23.42,0.0,1.649,买入,2025-06-10,22.4832,止损,-4.1
2025-05-30,1,301618,长联科技,97.16,18.12,32.18,2025-06-03,61.58,0.0,-0.997,已持仓,,,,
2025-06-03,1,301316,慧博云通,97.23,10.39,32.15,2025-06-04,42.0,0.0,0.816,已持仓,,,,
2025-06-04,3,301316,慧博云通,96.27,12.12,32.15,2025-06-05,40.81,0.0,-1.186,已持仓,,,,
2025-06-05,1,002136,安纳达,94.78,8.05,28.03,2025-06-06,10.82,0.0,-0.46,已持仓,,,,
2025-06-06,6,002136,安纳达,87.63,6.45,28.43,2025-06-09,10.8,0.0,0.279,已持仓,,,,
2025-06-09,1,002136,安纳达,95.11,6.07,28.43,2025-06-10,10.9,0.0,-0.183,已持仓,,,,
2025-06-10,1,002136,安纳达,92.62,7.25,29.3,2025-06-11,10.71,0.0,-0.186,买入,2025-06-19,10.281600000000001,止损,-4.1
2025-06-11,2,002136,安纳达,94.18,5.17,29.3,2025-06-12,10.75,0.0,-0.555,已持仓,,,,
2025-06-13,2,603577,汇金通,91.15,5.68,28.69,2025-06-16,9.31,0.0,0.431,已持仓,,,,
2025-06-16,8,001230,劲旅环境,91.05,12.59,27.36,2025-06-17,21.38,0.0,1.279,已持仓,,,,
2025-06-19,4,001230,劲旅环境,90.42,6.2,29.38,2025-06-20,19.84,0.0,-0.452,买入,2025-07-07,21.824,止盈,9.89
2025-06-20,3,001230,劲旅环境,91.07,5.19,30.35,2025-06-23,19.52,0.0,-0.56,已持仓,,,,
2025-06-23,5,600250,南京商旅,93.58,6.27,28.52,2025-06-24,10.85,0.0,1.497,已持仓,,,,
2025-06-24,1,600250,南京商旅,89.22,7.17,28.52,2025-06-25,10.76,0.0,0.749,已持仓,,,,
2025-06-25,1,300483,首华燃气,92.05,17.05,32.41,2025-06-26,11.2,0.0,-1.408,已持仓,,,,
2025-06-26,3,001230,劲旅环境,83.37,6.23,30.63,2025-06-27,20.3,0.0,0.0,已持仓,,,,
2025-06-27,1,001230,劲旅环境,87.39,5.46,30.63,2025-06-30,20.34,0.0,0.049,已持仓,,,,
2025-07-02,1,300849,锦盛新材,90.64,11.3,32.2,2025-07-03,13.43,0.0,-0.149,已持仓,,,,
2025-07-03,1,300849,锦盛新材,91.44,7.02,32.2,2025-07-04,13.35,0.0,0.527,已持仓,,,,
2025-07-10,1,002826,易明医药,91.21,6.78,29.16,2025-07-11,17.97,0.0,0.0,买入,2025-07-23,19.767,止盈,9.89
2025-07-28,1,000607,华媒控股,96.57,5.19,28.12,2025-07-29,4.92,0.0,1.443,买入,2025-07-30,4.723199999999999,止损,-4.1
2025-08-01,1,001298,好上好,98.02,5.33,27.48,2025-08-04,28.1,0.0,-0.847,买入,2025-08-07,30.910000000000004,止盈,9.89
2025-08-05,5,001298,好上好,89.19,10.75,27.48,2025-08-06,28.8,0.0,-0.38,已持仓,,,,
2025-08-06,1,001226,拓山重工,98.85,5.42,31.03,2025-08-07,36.2,0.0,-0.275,已持仓,,,,
2025-08-08,3,001226,拓山重工,90.93,5.86,31.7,2025-08-11,36.37,0.0,-0.601,买入,2025-08-15,34.9,止损(低开),-4.14
2025-08-12,2,002775,文科股份,86.11,14.59,27.34,2025-08-13,4.65,0.0,-0.215,已持仓,,,,
2025-08-13,7,002775,文科股份,83.3,11.53,28.59,2025-08-14,4.61,0.0,0.0,已持仓,,,,
2025-08-14,3,300069,金利华电,87.61,12.98,31.23,2025-08-15,21.22,0.0,0.189,已持仓,,,,
2025-08-15,1,300069,金利华电,95.31,8.31,31.46,2025-08-18,21.6,0.0,0.935,买入,2025-08-27,20.736,止损,-4.1
2025-08-18,5,002775,文科股份,90.02,8.06,30.47,2025-08-19,4.57,0.0,0.219,已持仓,,,,
2025-08-19,3,002775,文科股份,88.12,7.17,30.47,2025-08-20,4.98,0.0,8.734,已持仓,,,,
2025-08-21,1,300069,金利华电,93.44,7.07,31.46,2025-08-22,21.6,0.0,0.512,已持仓,,,,
2025-08-22,1,300069,金利华电,91.04,5.83,31.46,2025-08-25,21.45,0.0,0.374,已持仓,,,,
2025-08-25,1,300069,金利华电,93.44,6.07,31.46,2025-08-26,21.48,0.0,-0.047,已持仓,,,,
2025-08-26,1,300069,金利华电,89.82,5.82,31.46,2025-08-27,21.37,0.0,-0.28,已持仓,,,,
2025-08-27,4,002795,永和智控,84.22,6.37,28.99,2025-08-28,4.92,0.0,0.0,买入,2025-09-17,5.0,到期,1.52
2025-08-28,1,600658,电子城,87.93,7.3,27.19,2025-08-29,6.81,0.0,1.794,已持仓,,,,
2025-08-29,2,300486,东杰智能,87.16,14.96,27.17,2025-09-01,20.82,0.0,3.479,已持仓,,,,
2025-09-01,1,600658,电子城,94.33,5.45,29.1,2025-09-02,6.41,0.0,-0.156,已持仓,,,,
2025-09-02,1,301259,艾布鲁,91.08,8.9,27.59,2025-09-03,44.95,0.0,-0.355,已持仓,,,,
2025-09-03,1,688448,磁谷科技,93.22,6.16,27.03,2025-09-04,47.68,0.0,0.021,已持仓,,,,
2025-09-04,1,301009,可靠股份,96.07,5.68,27.01,2025-09-05,13.83,0.0,-0.072,已持仓,,,,
2025-09-05,2,688448,磁谷科技,88.05,7.1,31.08,2025-09-08,46.06,0.0,0.022,已持仓,,,,
2025-09-08,1,002256,兆新股份,86.03,13.79,28.57,2025-09-09,2.89,0.0,-0.687,已持仓,,,,
2025-09-09,1,688448,磁谷科技,88.88,6.98,32.35,2025-09-10,43.9,0.0,0.827,已持仓,,,,
2025-09-10,4,300192,科德教育,90.47,7.34,32.65,2025-09-11,19.27,0.0,0.627,已持仓,,,,
2025-09-11,2,002256,兆新股份,81.48,8.27,31.08,2025-09-12,2.91,0.0,1.394,已持仓,,,,
2025-09-12,2,300192,科德教育,80.4,6.78,32.65,2025-09-15,19.33,0.0,-0.309,已持仓,,,,
2025-09-18,2,300192,科德教育,84.81,11.87,32.65,2025-09-19,19.33,0.0,-0.821,买入,2025-09-29,18.5568,止损,-4.1
2025-09-23,2,301151,冠龙节能,87.78,7.61,28.49,2025-09-24,20.83,0.0,-0.192,已持仓,,,,
2025-09-26,3,600246,万通发展,87.18,8.76,29.28,2025-09-29,11.5,0.0,0.877,已持仓,,,,
2025-09-29,4,300111,向日葵,86.69,23.5,28.11,2025-09-30,7.58,0.0,1.067,买入,2025-10-10,7.2768,止损,-4.1
2025-09-30,3,300111,向日葵,87.09,21.98,28.11,2025-10-09,7.65,0.0,0.0,已持仓,,,,
2025-10-09,2,301151,冠龙节能,90.12,6.13,29.33,2025-10-10,20.56,0.0,-0.868,已持仓,,,,
2025-10-10,2,301151,冠龙节能,87.86,5.72,29.33,2025-10-13,20.0,0.0,-3.007,低开跳过,,,,
2025-10-13,2,301488,豪恩汽电,89.07,14.46,31.91,2025-10-14,157.0,0.0,1.421,买入,2025-10-15,149.9,止损(低开),-4.62
2025-10-14,4,301191,菲菱科思,88.43,10.19,27.89,2025-10-15,99.4,0.0,-0.57,已持仓,,,,
2025-10-16,4,600376,首开股份,85.77,5.97,27.38,2025-10-17,6.0,0.0,1.523,买入,2025-10-21,6.6000000000000005,止盈,9.89
2025-10-17,10,600376,首开股份,83.88,5.44,27.38,2025-10-20,6.0,0.0,3.27,已持仓,,,,
2025-10-21,5,301137,哈焊华通,79.01,7.05,27.63,2025-10-22,44.68,0.0,0.563,买入,2025-10-23,49.148,止盈,9.89
2025-10-23,3,300141,和顺电气,85.98,7.56,27.94,2025-10-24,11.45,0.0,0.0,买入,2025-11-05,12.595,止盈,9.89
2025-10-24,2,000572,海马汽车,88.87,6.64,28.13,2025-10-27,5.67,0.0,0.0,已持仓,,,,
2025-10-27,1,000572,海马汽车,89.87,6.46,28.13,2025-10-28,5.77,0.0,0.874,已持仓,,,,
2025-10-30,1,301117,佳缘科技,88.52,13.97,27.37,2025-10-31,32.9,0.0,0.581,已持仓,,,,
2025-10-31,2,301117,佳缘科技,94.7,7.47,27.37,2025-11-03,32.87,0.0,0.275,已持仓,,,,
2025-11-06,1,301117,佳缘科技,90.58,5.91,29.64,2025-11-07,31.62,0.0,-0.252,买入,2025-11-10,34.782000000000004,止盈,9.89
2025-11-14,2,603759,海天股份,84.93,7.26,31.21,2025-11-17,11.34,0.0,0.088,买入,2025-11-19,10.8864,止损,-4.1
2025-11-20,11,600693,东百集团,63.27,17.25,29.42,2025-11-21,8.5,0.0,-2.074,低开跳过,,,,
2025-11-21,2,300680,隆盛科技,90.28,5.35,28.96,2025-11-24,42.4,0.0,-0.165,买入,2025-11-26,46.64,止盈,9.89
2025-11-24,2,002160,常铝股份,96.59,6.03,28.39,2025-11-25,5.14,0.0,1.782,已持仓,,,,
2025-11-25,8,002136,安纳达,86.89,9.26,30.38,2025-11-26,12.52,0.0,0.08,已持仓,,,,
2025-11-26,1,000572,海马汽车,93.15,17.82,29.26,2025-11-27,8.77,0.0,0.0,买入,2025-12-02,9.647,止盈,9.89
2025-11-27,5,002160,常铝股份,90.72,9.23,28.39,2025-11-28,5.12,0.0,-0.389,已持仓,,,,
2025-11-28,6,002160,常铝股份,86.54,7.79,28.39,2025-12-01,5.28,0.0,1.734,已持仓,,,,
2025-12-02,4,688237,超卓航科,86.66,5.24,27.48,2025-12-03,45.97,0.0,-0.065,买入,2025-12-05,50.567,止盈,9.89
2025-12-03,2,600506,统一股份,89.26,15.72,32.22,2025-12-04,24.58,0.0,-1.719,已持仓,,,,
2025-12-09,1,002759,天际股份,92.66,13.79,27.33,2025-12-10,35.0,0.0,0.287,买入,2025-12-12,33.6,止损,-4.1
2025-12-10,1,002759,天际股份,95.76,15.17,27.33,2025-12-11,35.3,0.0,1.349,已持仓,,,,
2025-12-11,2,002759,天际股份,90.65,12.99,27.33,2025-12-12,34.76,0.0,0.608,已持仓,,,,
2025-12-12,3,301001,凯淳股份,91.9,5.37,28.86,2025-12-15,29.3,0.0,-0.678,买入,2025-12-16,28.128,止损,-4.1
2025-12-15,5,002291,遥望科技,91.06,5.07,32.65,2025-12-16,6.35,0.0,-0.626,已持仓,,,,
2025-12-16,1,605299,舒华体育,89.15,8.64,32.06,2025-12-17,11.81,0.0,-0.923,买入,2025-12-18,11.32,止损(低开),-4.25
2025-12-17,8,003016,欣贺股份,86.74,6.1,30.57,2025-12-18,9.0,0.0,-1.099,已持仓,,,,
2025-12-18,12,002235,安妮股份,84.22,22.35,27.48,2025-12-19,10.4,0.0,-0.952,买入,2025-12-25,11.440000000000001,止盈,9.89
2025-12-19,3,603322,超讯通信,83.62,9.05,29.22,2025-12-22,40.0,0.0,-1.526,已持仓,,,,
2025-12-23,6,603322,超讯通信,82.27,6.59,30.5,2025-12-24,38.67,0.0,-0.258,已持仓,,,,
2025-12-24,3,600250,南京商旅,88.25,12.81,28.17,2025-12-25,11.87,0.0,-0.419,已持仓,,,,
2025-12-25,2,600250,南京商旅,87.53,11.3,28.17,2025-12-26,11.99,0.0,-0.663,买入,2025-12-30,11.5104,止损,-4.1
2025-12-26,1,600250,南京商旅,90.81,9.64,28.17,2025-12-29,11.84,0.0,-0.084,已持仓,,,,
2025-12-29,1,600250,南京商旅,95.32,6.28,28.17,2025-12-30,11.65,0.0,-0.682,已持仓,,,,
2025-12-30,2,600250,南京商旅,90.74,5.89,29.04,2025-12-31,11.49,0.0,0.087,冷却期,,,,
2025-12-31,2,002910,庄园牧场,85.36,7.35,31.11,2026-01-05,11.11,0.0,0.0,买入,2026-01-15,12.221,止盈,9.89
2026-01-05,1,002910,庄园牧场,96.25,6.51,31.11,2026-01-06,11.19,0.0,0.089,已持仓,,,,
2026-01-06,1,002910,庄园牧场,92.68,7.87,31.11,2026-01-07,11.25,0.0,-0.177,已持仓,,,,
2026-01-07,3,002910,庄园牧场,82.47,14.52,31.11,2026-01-08,11.43,0.0,-0.953,已持仓,,,,
2026-01-08,1,002910,庄园牧场,85.95,10.93,31.11,2026-01-09,11.33,0.0,0.088,已持仓,,,,
2026-01-09,1,002910,庄园牧场,83.57,9.54,31.11,2026-01-12,11.51,0.0,0.0,已持仓,,,,
2026-01-12,1,301687,新广益,83.14,33.55,29.11,2026-01-13,63.8,0.0,-1.406,已持仓,,,,
2026-01-13,1,000735,罗牛山,87.43,9.73,27.77,2026-01-14,8.13,0.0,-1.215,已持仓,,,,
2026-01-14,1,301687,新广益,95.67,20.08,30.58,2026-01-15,61.65,0.0,-0.964,已持仓,,,,
2026-01-15,2,301687,新广益,89.89,17.61,30.58,2026-01-16,63.01,0.0,-0.095,买入,2026-01-28,60.489599999999996,止损,-4.1
2026-01-16,1,603278,大业股份,93.08,12.24,29.29,2026-01-19,12.88,0.0,1.178,已持仓,,,,
2026-01-19,1,301687,新广益,87.77,15.38,30.58,2026-01-20,63.12,0.0,-0.41,已持仓,,,,
2026-01-20,1,002639,雪人集团,90.3,20.78,29.37,2026-01-21,20.74,0.0,-0.67,已持仓,,,,
2026-01-21,2,600776,东方通信,91.87,6.92,32.85,2026-01-22,18.56,0.0,-0.215,已持仓,,,,
2026-01-22,2,688562,航天软件,89.73,6.11,28.05,2026-01-23,24.0,0.0,4.621,已持仓,,,,
2026-01-23,1,301687,新广益,87.56,15.54,30.58,2026-01-26,63.61,0.0,0.315,已持仓,,,,
2026-01-26,1,300155,安居宝,91.51,10.23,31.06,2026-01-27,5.64,0.0,-0.704,已持仓,,,,
2026-01-27,1,301687,新广益,89.6,12.56,30.58,2026-01-28,62.1,0.0,-0.513,已持仓,,,,
2026-01-28,1,301687,新广益,87.04,13.59,31.55,2026-01-29,60.3,0.0,-0.626,冷却期,,,,
2026-01-29,4,301023,奕帆传动,85.7,9.59,27.08,2026-01-30,47.17,0.0,-1.09,买入,2026-02-27,47.08,到期,-0.29
2026-01-30,2,301023,奕帆传动,88.25,10.25,28.43,2026-02-02,47.51,0.0,-1.041,已持仓,,,,
2026-02-02,1,301023,奕帆传动,90.28,7.57,28.43,2026-02-03,47.44,0.0,0.381,已持仓,,,,
2026-02-03,2,301023,奕帆传动,87.8,7.63,28.43,2026-02-04,47.67,0.0,-0.811,已持仓,,,,
2026-02-04,1,300668,杰恩股份,94.1,5.31,27.93,2026-02-05,25.0,0.0,0.402,已持仓,,,,
2026-02-05,3,301023,奕帆传动,86.01,5.42,30.02,2026-02-06,45.64,0.0,-0.197,已持仓,,,,
2026-02-06,3,301023,奕帆传动,89.19,8.99,30.47,2026-02-09,46.8,0.0,0.559,已持仓,,,,
2026-02-09,4,301023,奕帆传动,82.53,5.99,30.47,2026-02-10,47.2,0.0,-0.148,已持仓,,,,
2026-02-10,4,301023,奕帆传动,78.07,5.75,30.47,2026-02-11,47.02,0.0,-0.487,已持仓,,,,
2026-02-11,10,300561,汇金科技,70.59,6.02,31.83,2026-02-12,12.81,0.0,-1.839,已持仓,,,,
2026-02-24,4,301025,读客文化,87.4,13.75,27.14,2026-02-25,12.2,0.0,0.412,已持仓,,,,
2026-02-25,1,600986,浙文互联,96.02,10.91,27.79,2026-02-26,12.04,0.0,0.0,已持仓,,,,
2026-02-26,1,600986,浙文互联,90.19,10.31,28.82,2026-02-27,11.83,0.0,0.339,已持仓,,,,
2026-02-27,1,605033,美邦股份,99.9,11.21,29.2,2026-03-02,24.2,0.0,-2.811,低开跳过,,,,
2026-03-02,1,605033,美邦股份,96.78,8.36,31.77,2026-03-03,23.6,0.0,-0.422,买入,2026-03-04,22.55,止损(低开),-4.55
2026-03-03,1,300986,志特新材,89.55,7.28,29.58,2026-03-04,27.53,0.0,-1.994,已持仓,,,,
2026-03-04,1,300986,志特新材,98.49,5.37,31.12,2026-03-05,28.01,0.0,1.486,买入,2026-03-09,26.59,止损(低开),-5.17
2026-03-05,14,300077,国民技术,86.71,6.0,30.58,2026-03-06,20.01,0.0,-1.136,已持仓,,,,
2026-03-06,11,603163,圣晖集成,84.62,5.56,27.74,2026-03-09,106.6,0.0,-1.769,已持仓,,,,
2026-03-09,9,688680,海优新材,85.24,5.05,29.41,2026-03-10,51.86,0.0,2.087,买入,2026-03-16,49.77,止损(低开),-4.13
2026-03-12,6,301226,祥明智能,88.32,6.96,29.48,2026-03-13,35.44,0.0,-0.756,已持仓,,,,
2026-03-16,9,301226,祥明智能,87.98,5.72,31.72,2026-03-17,35.1,0.0,0.92,买入,2026-03-18,43.03,止盈(高开),22.47
2026-03-17,14,002842,翔鹭钨业,77.23,16.18,31.87,2026-03-18,34.09,0.0,0.888,已持仓,,,,
2026-03-19,1,300461,田中精机,94.63,10.64,28.15,2026-03-20,44.07,0.0,-0.631,买入,2026-03-23,42.3072,止损,-4.1
2026-03-20,1,301468,博盈特焊,90.25,7.51,28.16,2026-03-23,48.2,0.0,-1.452,已持仓,,,,
2026-03-23,1,600345,长江通信,95.78,5.43,28.48,2026-03-24,35.8,0.0,2.638,买入,2026-03-25,39.38,止盈,9.89
2026-03-24,2,002413,雷科防务,92.13,8.2,27.29,2026-03-25,12.59,0.0,0.159,已持仓,,,,
2026-03-25,2,000020,深华发A,87.2,18.68,32.03,2026-03-26,17.07,0.0,-3.45,低开跳过,,,,
2026-03-26,7,002413,雷科防务,88.31,9.14,27.29,2026-03-27,12.35,0.0,-1.984,买入,2026-03-31,13.585,止盈,9.89
2026-03-27,7,002413,雷科防务,88.52,6.71,27.29,2026-03-30,12.58,0.0,-1.178,已持仓,,,,
2026-03-30,6,301687,新广益,88.12,9.28,28.36,2026-03-31,54.69,0.0,0.422,已持仓,,,,
2026-03-31,14,301687,新广益,84.72,11.1,31.03,2026-04-01,52.5,0.0,1.902,买入,2026-04-03,50.4,止损,-4.1
2026-04-01,8,301687,新广益,87.29,7.6,31.03,2026-04-02,53.04,0.0,-0.132,已持仓,,,,
2026-04-02,3,300345,华民股份,91.26,11.72,27.94,2026-04-03,7.24,0.0,0.0,已持仓,,,,
2026-04-03,12,600722,金牛化工,86.89,12.82,31.4,2026-04-07,13.46,0.0,1.97,买入,2026-04-08,14.806000000000003,止盈,9.89
2026-04-07,19,002506,协鑫集成,84.66,10.1,29.77,2026-04-08,4.54,0.0,3.653,已持仓,,,,
2026-04-08,7,002150,正泰电源,73.17,5.71,28.04,2026-04-09,29.5,0.0,-1.007,买入,2026-04-10,32.99,止盈(高开),11.72
2026-04-09,12,002506,协鑫集成,80.02,6.79,29.77,2026-04-10,4.45,0.0,1.136,已持仓,,,,
2026-04-10,12,603017,中衡设计,70.77,7.92,27.02,2026-04-13,13.36,0.0,-0.224,买入,2026-04-16,12.8256,止损,-4.1
2026-04-13,2,002788,鹭燕医药,87.06,15.15,28.49,2026-04-14,14.64,0.0,0.137,已持仓,,,,
2026-04-14,1,002788,鹭燕医药,94.92,11.44,29.57,2026-04-15,14.62,0.0,0.828,已持仓,,,,
2026-04-15,3,002506,协鑫集成,82.88,8.2,29.77,2026-04-16,4.34,0.0,-0.686,已持仓,,,,
2026-04-20,5,600636,退市国化,83.36,6.99,27.08,2026-04-21,5.69,0.0,-1.727,买入,2026-04-22,6.259000000000001,止盈,9.89
2026-04-23,1,603787,新日股份,91.42,5.18,29.92,2026-04-24,12.0,0.0,-0.415,买入,2026-05-14,11.52,止损,-4.1
2026-04-29,6,300775,三角防务,88.0,5.88,27.5,2026-04-30,29.2,0.0,-0.239,已持仓,,,,
2026-04-30,7,300858,科拓生物,85.51,8.26,27.27,2026-05-06,17.89,0.0,0.224,已持仓,,,,
2026-05-06,4,300858,科拓生物,91.42,7.25,27.27,2026-05-07,18.28,0.0,0.605,已持仓,,,,
2026-05-07,3,300858,科拓生物,86.7,7.93,28.33,2026-05-08,17.96,0.0,0.335,已持仓,,,,
2026-05-14,2,002560,通达股份,90.77,28.81,28.55,2026-05-15,11.08,0.0,-4.565,低开跳过,,,,
2026-05-15,5,605287,德才股份,84.52,7.08,29.77,2026-05-18,48.1,0.0,-0.125,买入,2026-05-25,52.910000000000004,止盈,9.89
2026-05-18,3,600338,西藏珠峰,87.34,6.9,27.51,2026-05-19,21.05,0.0,-0.848,已持仓,,,,
2026-05-19,4,600338,西藏珠峰,90.83,7.67,29.0,2026-05-20,20.29,0.0,-0.049,已持仓,,,,
2026-05-20,1,603319,美湖股份,90.14,6.35,29.08,2026-05-21,30.59,0.0,1.258,已持仓,,,,
2026-05-21,2,600338,西藏珠峰,91.18,6.63,30.23,2026-05-22,20.23,0.0,1.505,已持仓,,,,
2026-05-22,10,002866,传艺科技,88.85,6.72,29.1,2026-05-25,22.01,0.0,0.045,已持仓,,,,
2026-05-25,7,603399,永杉锂业,92.62,9.56,31.97,2026-05-26,17.27,0.0,-1.651,买入,2026-05-28,16.5792,止损,-4.1
2026-05-26,8,002866,传艺科技,90.95,5.52,31.97,2026-05-27,20.68,0.0,-0.481,已持仓,,,,
2026-05-27,16,300300,海峡创新,87.13,8.07,32.74,2026-05-28,9.75,0.0,1.036,已持仓,,,,
2026-05-28,21,603520,司太立,86.3,5.28,27.0,2026-05-29,10.79,0.0,0.841,买入,2026-06-01,10.25,止损(低开),-5.1
2026-05-29,14,603520,司太立,87.58,5.15,29.16,2026-06-01,10.25,0.0,-0.485,已持仓,,,,
2026-06-01,10,002902,铭普光磁,90.36,12.89,27.42,2026-06-02,31.72,0.0,0.316,买入,2026-06-05,34.892,止盈,9.89
2026-06-02,2,301696,三瑞智能,92.14,15.51,29.28,2026-06-03,121.01,0.0,-1.706,已持仓,,,,
2026-06-04,9,301513,尚水智能,89.72,7.38,28.79,2026-06-05,66.0,0.0,-0.422,已持仓,,,,
2026-06-05,25,688551,科威尔,87.42,5.46,28.55,2026-06-08,49.34,0.0,-8.765,低开跳过,,,,
2026-06-08,15,688512,慧智微,87.53,5.8,32.2,2026-06-09,12.68,0.0,2.423,买入,2026-06-12,13.98,止盈(高开),10.14
2026-06-09,27,000880,潍柴重机,90.74,5.82,28.56,2026-06-10,25.9,0.0,-1.183,已持仓,,,,
2026-06-10,25,301189,奥尼电子,90.74,5.5,31.84,2026-06-11,71.0,0.0,-1.798,已持仓,,,,
2026-06-11,11,002015,协鑫能科,94.22,5.92,30.47,2026-06-12,18.0,0.0,1.523,已持仓,,,,
2026-06-12,3,300959,线上线下,95.75,12.34,31.11,2026-06-15,167.93,0.0,2.509,买入,2026-06-17,161.2128,止损,-4.1
