code,name,latest_date,latest_close,historical_valid_event_count,previous_event_count,current_stage,current_is_bottom_confirmed,current_top_date,current_top_price,current_top_confirm_date,current_top_confirm_price,current_low_date,current_low_price,current_low_confirm_date,current_low_confirm_price,current_drawdown_pct,current_rebound_high_date,current_rebound_high,current_rebound_pct,latest_close_rebound_pct,current_low_to_high_pct,current_low_to_latest_pct,previous_events
300437,清水源,2026-06-05,12.14,6,6,bottom_area,False,2026-05-11,17.3,2026-05-13,15.89,2026-06-05,11.75,,,32.08092485549133,2026-06-05,12.34,5.02127659574468,3.319148936170217,5.02127659574468,3.319148936170217,2021-01-21 9.49 -> 2021-02-04 6.66 dd=29.82% -> 2021-03-02 8.68 rb=30.33%; 2021-04-14 11.36 -> 2021-05-11 7.72 dd=32.04% -> 2021-05-12 9.39 rb=21.63%; 2021-09-17 27.20 -> 2021-09-30 18.88 dd=30.59% -> 2021-10-08 22.88 rb=21.19%; 2021-11-10 51.23 -> 2021-11-15 35.60 dd=30.51% -> 2021-11-17 44.78 rb=25.79%; 2022-04-19 24.66 -> 2022-04-27 17.02 dd=30.98% -> 2022-05-11 21.14 rb=24.21%; 2024-04-10 11.75 -> 2024-04-16 7.90 dd=32.77% -> 2024-04-19 10.24 rb=29.62%
688228,开普云,2026-06-05,86.5,5,5,bottom_area,False,2026-05-20,121.5,2026-05-21,106.5,2026-06-05,85.51,,,29.62139917695473,2026-06-05,88.8,3.84750321599812,1.157759326394568,3.84750321599812,1.157759326394568,2021-08-30 41.38 -> 2021-11-02 29.66 dd=28.32% -> 2021-12-01 38.50 rb=29.80%; 2024-04-01 51.46 -> 2024-04-16 36.50 dd=29.07% -> 2024-05-06 51.66 rb=41.53%; 2025-04-02 69.68 -> 2025-04-09 46.80 dd=32.84% -> 2025-04-14 61.99 rb=32.46%; 2025-08-29 158.40 -> 2025-09-04 106.99 dd=32.46% -> 2025-09-16 190.00 rb=77.59%; 2025-10-14 260.00 -> 2025-10-15 177.00 dd=31.92% -> 2025-10-16 220.00 rb=24.29%
000912,泸天化,2026-06-05,3.69,4,4,bottom_area,False,2026-04-28,5.43,2026-04-30,4.86,2026-06-04,3.64,,,32.96500920810313,2026-06-04,3.79,4.120879120879118,1.373626373626369,4.120879120879118,1.373626373626369,2021-12-28 7.25 -> 2022-01-28 5.15 dd=28.97% -> 2022-03-08 6.86 rb=33.20%; 2022-04-20 6.64 -> 2022-04-27 4.56 dd=31.33% -> 2022-05-06 5.50 rb=20.61%; 2024-01-26 4.31 -> 2024-02-06 3.04 dd=29.47% -> 2024-02-28 3.95 rb=29.93%; 2026-03-17 6.70 -> 2026-03-23 4.85 dd=27.61% -> 2026-03-30 5.85 rb=20.62%
688318,财富趋势,2026-06-05,82.7,4,4,bottom_area,False,2026-06-04,121.0,2026-06-05,81.22,2026-06-05,81.22,,,32.87603305785124,2026-06-05,85.24,4.949519822703763,1.822211278010347,4.949519822703763,1.822211278010347,2023-06-12 146.91 -> 2023-06-13 101.35 dd=31.01% -> 2023-06-20 123.66 rb=22.01%; 2023-06-20 123.66 -> 2023-07-19 88.00 dd=28.84% -> 2023-07-26 115.61 rb=31.37%; 2024-01-24 121.99 -> 2024-02-05 88.50 dd=27.45% -> 2024-02-21 121.20 rb=36.95%; 2025-03-14 165.58 -> 2025-04-07 117.27 dd=29.18% -> 2025-05-07 152.00 rb=29.62%
603050,科林电气,2026-06-05,19.95,3,3,bottom_area,False,2026-05-29,27.38,2026-06-01,23.25,2026-06-05,19.8,,,27.68444119795471,2026-06-05,21.0,6.060606060606057,0.7575757575757504,6.060606060606057,0.7575757575757504,2022-03-23 14.59 -> 2022-04-27 9.88 dd=32.28% -> 2022-06-07 13.94 rb=41.09%; 2024-01-24 18.23 -> 2024-02-06 12.50 dd=31.43% -> 2024-02-28 17.46 rb=39.68%; 2024-04-03 33.96 -> 2024-04-16 24.54 dd=27.74% -> 2024-05-15 32.75 rb=33.46%
000919,金陵药业,2026-06-05,6.22,3,3,bottom_area,False,2026-04-16,8.83,2026-04-17,7.85,2026-06-04,6.15,,,30.35107587768969,2026-06-04,6.29,2.276422764227637,1.138211382113811,2.276422764227637,1.138211382113811,2022-03-31 8.93 -> 2022-04-27 6.03 dd=32.47% -> 2022-05-16 7.29 rb=20.90%; 2022-12-14 11.15 -> 2022-12-29 7.68 dd=31.12% -> 2023-03-01 9.77 rb=27.21%; 2024-01-26 7.48 -> 2024-02-06 5.38 dd=28.07% -> 2024-02-28 7.06 rb=31.23%
002300,太阳电缆,2026-06-05,8.23,3,3,bottom_area,False,2026-05-13,11.73,2026-05-14,10.48,2026-06-05,8.12,,,30.77578857630009,2026-06-05,8.38,3.201970443349774,1.35467980295568,3.201970443349774,1.35467980295568,2022-04-22 7.42 -> 2022-04-27 5.40 dd=27.22% -> 2022-06-06 7.39 rb=36.85%; 2024-01-25 7.48 -> 2024-02-06 5.05 dd=32.49% -> 2024-02-28 6.99 rb=38.42%; 2025-11-13 8.88 -> 2025-11-24 6.48 dd=27.03% -> 2025-12-08 11.39 rb=75.77%
300355,蒙草生态,2026-06-05,3.12,3,3,bottom_area,False,2026-04-10,4.38,2026-04-13,3.81,2026-06-04,3.06,,,30.13698630136986,2026-06-04,3.22,5.228758169934645,1.960784313725492,5.228758169934645,1.960784313725492,2022-04-06 4.78 -> 2022-04-27 3.42 dd=28.45% -> 2022-05-20 4.18 rb=22.22%; 2024-01-26 3.47 -> 2024-02-06 2.53 dd=27.09% -> 2024-02-28 3.37 rb=33.20%; 2025-03-19 5.47 -> 2025-04-07 3.68 dd=32.72% -> 2025-04-10 4.47 rb=21.47%
688221,前沿生物,2026-06-05,18.8,3,3,bottom_area,False,2026-05-12,25.51,2026-05-13,23.3,2026-06-02,18.36,,,28.02822422579381,2026-06-02,19.41,5.718954248366017,2.39651416122005,5.718954248366017,2.39651416122005,2022-04-15 17.18 -> 2022-04-27 11.90 dd=30.73% -> 2022-04-28 16.05 rb=34.87%; 2022-11-30 24.38 -> 2022-12-07 17.20 dd=29.45% -> 2022-12-16 21.98 rb=27.79%; 2025-04-01 9.96 -> 2025-04-09 7.16 dd=28.11% -> 2025-04-14 9.23 rb=28.91%
605158,华达新材,2026-06-05,6.67,3,3,bottom_area,False,2026-05-14,9.04,2026-05-15,8.16,2026-06-05,6.48,,,28.31858407079645,2026-06-05,6.78,4.629629629629626,2.932098765432091,4.629629629629626,2.932098765432091,2022-04-07 7.48 -> 2022-04-27 5.41 dd=27.67% -> 2022-05-23 6.79 rb=25.51%; 2024-01-30 7.62 -> 2024-02-07 5.18 dd=32.02% -> 2024-02-28 7.08 rb=36.68%; 2025-03-19 9.81 -> 2025-04-09 6.89 dd=29.77% -> 2025-04-21 10.40 rb=50.94%
300603,立昂技术,2026-06-05,8.95,3,3,bottom_area,False,2026-05-19,12.6,2026-05-20,11.46,2026-06-04,8.61,,,31.66666666666667,2026-06-05,9.11,5.807200929152149,3.94889663182346,5.807200929152149,3.94889663182346,2022-04-20 12.66 -> 2022-04-26 8.85 dd=30.09% -> 2022-05-06 11.98 rb=35.37%; 2024-01-31 9.08 -> 2024-02-06 6.11 dd=32.71% -> 2024-02-28 9.13 rb=49.43%; 2024-12-31 11.80 -> 2025-01-13 8.19 dd=30.59% -> 2025-01-20 11.17 rb=36.39%
300631,久吾高科,2026-06-05,24.23,3,3,bottom_area,False,2026-05-07,32.58,2026-05-11,30.16,2026-06-05,23.18,,,28.85205647636587,2026-06-05,24.75,6.773080241587577,4.529767040552203,6.773080241587577,4.529767040552203,2021-08-26 53.98 -> 2021-09-06 39.10 dd=27.57% -> 2021-09-08 48.11 rb=23.04%; 2025-03-18 23.76 -> 2025-04-07 17.34 dd=27.02% -> 2025-05-20 26.16 rb=50.87%; 2026-02-26 34.99 -> 2026-03-23 24.18 dd=30.89% -> 2026-05-07 32.58 rb=34.74%
002755,奥赛康,2026-06-05,12.92,2,2,bottom_area,False,2026-05-21,17.77,2026-05-22,16.3,2026-06-04,12.92,,,27.29319077096229,2026-06-04,13.54,4.798761609907114,0.0,4.798761609907114,0.0,2022-06-09 10.67 -> 2022-10-12 7.46 dd=30.08% -> 2022-10-19 9.76 rb=30.83%; 2023-05-29 11.16 -> 2023-08-24 7.48 dd=32.97% -> 2023-10-16 9.90 rb=32.35%
000833,粤桂股份,2026-06-05,21.53,2,2,bottom_area,False,2026-05-15,29.98,2026-05-19,26.7,2026-06-05,21.48,,,28.35223482321548,2026-06-05,22.3,3.817504655493484,0.2327746741154595,3.817504655493484,0.2327746741154595,2024-11-26 21.75 -> 2024-11-29 15.05 dd=30.80% -> 2024-12-04 20.45 rb=35.88%; 2025-03-27 13.83 -> 2025-04-08 9.75 dd=29.50% -> 2025-04-15 12.19 rb=25.03%
601969,海南矿业,2026-06-05,9.23,2,2,bottom_area,False,2026-04-30,12.75,2026-05-11,11.66,2026-06-05,9.19,,,27.92156862745098,2026-06-05,9.46,2.937976060935815,0.4352557127312396,2.937976060935815,0.4352557127312396,2022-04-15 9.78 -> 2022-04-26 6.70 dd=31.49% -> 2022-05-23 8.80 rb=31.34%; 2024-01-26 6.59 -> 2024-02-06 4.81 dd=27.01% -> 2024-02-29 6.58 rb=36.80%
300584,海辰药业,2026-06-05,32.2,2,2,bottom_area,False,2026-04-29,44.31,2026-05-12,40.0,2026-06-04,32.04,,,27.69126607989168,2026-06-05,33.43,4.338327091136081,0.4993757802746682,4.338327091136081,0.4993757802746682,2022-01-20 39.76 -> 2022-01-24 28.71 dd=27.79% -> 2022-01-28 44.28 rb=54.23%; 2022-03-07 84.04 -> 2022-03-09 60.01 dd=28.59% -> 2022-03-10 77.00 rb=28.31%
300511,雪榕生物,2026-06-05,5.92,2,2,bottom_area,False,2026-04-29,8.48,2026-05-07,7.76,2026-06-05,5.89,,,30.54245283018869,2026-06-05,6.16,4.584040747028871,0.509337860780989,4.584040747028871,0.509337860780989,2021-01-04 13.31 -> 2021-02-09 9.24 dd=30.58% -> 2021-02-22 11.94 rb=29.22%; 2021-07-20 9.68 -> 2021-08-03 6.82 dd=29.55% -> 2021-08-16 8.36 rb=22.58%
603123,翠微股份,2026-06-05,9.55,2,2,bottom_area,False,2026-04-13,13.39,2026-04-17,12.3,2026-06-05,9.5,,,29.05153099327857,2026-06-05,9.75,2.631578947368421,0.5263157894736916,2.631578947368421,0.5263157894736916,2024-09-10 8.47 -> 2024-09-18 6.12 dd=27.74% -> 2024-09-25 7.90 rb=29.08%; 2025-03-14 9.24 -> 2025-04-09 6.40 dd=30.74% -> 2025-04-18 9.34 rb=45.94%
300049,福瑞医科,2026-06-05,42.26,2,2,bottom_area,False,2026-05-19,60.55,2026-05-22,54.61,2026-06-05,42.0,,,30.63583815028901,2026-06-05,44.24,5.333333333333337,0.6190476190476143,5.333333333333337,0.6190476190476143,2025-08-20 77.77 -> 2025-08-27 56.24 dd=27.68% -> 2025-08-29 68.00 rb=20.91%; 2026-02-24 68.27 -> 2026-03-23 49.50 dd=27.49% -> 2026-04-01 60.50 rb=22.22%
600227,赤天化,2026-06-05,2.94,2,2,bottom_area,False,2026-05-11,4.05,2026-05-12,3.68,2026-06-05,2.92,,,27.90123456790123,2026-06-05,3.02,3.424657534246579,0.6849315068493157,3.424657534246579,0.6849315068493157,2024-03-19 2.26 -> 2024-04-22 1.61 dd=28.76% -> 2024-05-09 2.33 rb=44.72%; 2026-03-18 5.40 -> 2026-03-24 3.68 dd=31.85% -> 2026-03-30 4.58 rb=24.46%
300085,银之杰,2026-06-05,29.83,2,2,bottom_area,False,2026-06-01,42.93,2026-06-02,39.88,2026-06-05,29.6,,,31.05054740274866,2026-06-05,32.5,9.797297297297291,0.7770270270270164,9.797297297297291,0.7770270270270164,2025-03-27 40.20 -> 2025-04-07 27.86 dd=30.70% -> 2025-04-10 34.25 rb=22.94%; 2026-03-25 46.90 -> 2026-04-07 33.40 dd=28.78% -> 2026-04-08 40.20 rb=20.36%
300895,铜牛信息,2026-06-05,57.05,2,2,bottom_area,False,2026-05-14,81.99,2026-05-15,75.03,2026-06-05,56.56,,,31.0159775582388,2026-06-05,58.67,3.73055162659123,0.8663366336633572,3.73055162659123,0.8663366336633572,2025-02-26 60.26 -> 2025-03-04 42.95 dd=28.73% -> 2025-03-07 58.10 rb=35.27%; 2025-04-02 55.20 -> 2025-04-07 40.25 dd=27.08% -> 2025-04-10 49.30 rb=22.48%
002470,金正大,2026-06-05,2.25,2,2,bottom_area,False,2026-05-11,3.17,2026-05-12,2.92,2026-06-02,2.23,,,29.65299684542587,2026-06-02,2.33,4.48430493273543,0.896860986547086,4.48430493273543,0.896860986547086,2024-01-26 1.68 -> 2024-02-06 1.22 dd=27.38% -> 2024-02-28 1.59 rb=30.33%; 2026-03-19 3.82 -> 2026-03-24 2.68 dd=29.84% -> 2026-03-30 3.28 rb=22.39%
002312,川发龙蟒,2026-06-05,8.62,2,2,bottom_area,False,2026-04-24,11.76,2026-04-28,10.81,2026-06-05,8.54,,,27.38095238095239,2026-06-05,8.75,2.459016393442633,0.9367681498829048,2.459016393442633,0.9367681498829048,2023-07-20 8.88 -> 2023-10-23 6.47 dd=27.14% -> 2023-11-09 7.87 rb=21.64%; 2025-03-27 13.28 -> 2025-04-09 9.60 dd=27.71% -> 2025-05-23 12.08 rb=25.83%
300759,康龙化成,2026-06-05,23.07,2,2,bottom_area,False,2026-04-28,31.45,2026-04-29,29.05,2026-06-04,22.81,,,27.47217806041336,2026-06-05,23.8,4.340201665936002,1.139850942569056,4.340201665936002,1.139850942569056,2024-03-14 24.90 -> 2024-04-23 17.88 dd=28.19% -> 2024-05-13 23.75 rb=32.83%; 2024-10-08 36.42 -> 2024-10-16 25.33 dd=30.45% -> 2024-10-29 32.54 rb=28.46%
601238,广汽集团,2026-06-05,6.1,2,2,bottom_area,False,2026-01-06,8.67,2026-01-28,7.98,2026-05-28,6.03,,,30.44982698961937,2026-06-02,6.28,4.145936981757878,1.160862354892195,4.145936981757878,1.160862354892195,2021-09-07 21.00 -> 2021-09-30 14.83 dd=29.38% -> 2021-10-18 18.35 rb=23.74%; 2023-10-27 10.62 -> 2024-02-05 7.72 dd=27.31% -> 2024-03-19 9.76 rb=26.42%
688208,道通科技,2026-06-05,29.1,2,2,bottom_area,False,2026-05-21,42.15,2026-05-25,38.25,2026-06-05,28.71,,,31.88612099644127,2026-06-05,30.2,5.189829327760356,1.358411703239292,5.189829327760356,1.358411703239292,2021-02-23 85.00 -> 2021-03-24 58.03 dd=31.73% -> 2021-04-09 78.18 rb=34.72%; 2024-01-26 21.05 -> 2024-02-05 14.72 dd=30.07% -> 2024-02-08 21.18 rb=43.89%
300641,正丹股份,2026-06-05,14.83,2,2,bottom_area,False,2026-04-23,20.6,2026-04-27,18.81,2026-06-05,14.62,,,29.02912621359224,2026-06-05,15.19,3.898768809849523,1.436388508891935,3.898768809849523,1.436388508891935,2022-04-06 6.32 -> 2022-04-27 4.44 dd=29.75% -> 2022-06-30 6.67 rb=50.23%; 2024-06-13 36.67 -> 2024-06-14 24.86 dd=32.21% -> 2024-06-18 33.27 rb=33.83%
000566,海南海药,2026-06-05,3.99,2,2,bottom_area,False,2026-04-16,5.57,2026-04-23,5.11,2026-06-04,3.93,,,29.44344703770198,2026-06-04,4.08,3.816793893129768,1.52671755725191,3.816793893129768,1.52671755725191,2022-04-13 4.95 -> 2022-04-27 3.49 dd=29.49% -> 2022-05-13 4.80 rb=37.54%; 2025-03-10 5.28 -> 2025-04-09 3.76 dd=28.79% -> 2025-04-14 5.20 rb=38.30%
300738,奥飞数据,2026-06-05,20.49,2,2,bottom_area,False,2026-05-15,29.49,2026-05-19,26.62,2026-06-05,20.17,,,31.60393353679212,2026-06-05,21.1,4.610808130887454,1.586514625681689,4.610808130887454,1.586514625681689,2022-08-12 10.83 -> 2022-10-11 7.73 dd=28.62% -> 2022-11-07 9.77 rb=26.39%; 2024-01-26 9.79 -> 2024-02-05 6.66 dd=31.97% -> 2024-02-28 9.65 rb=44.89%
688349,三一重能,2026-06-05,18.55,2,2,bottom_area,False,2026-04-23,25.88,2026-04-24,24.01,2026-06-05,18.25,,,29.4822256568779,2026-06-05,18.97,3.945205479452048,1.64383561643836,3.945205479452048,1.64383561643836,2022-10-13 38.67 -> 2022-10-28 28.03 dd=27.51% -> 2022-11-09 36.10 rb=28.79%; 2024-10-08 34.62 -> 2024-10-16 25.16 dd=27.33% -> 2024-10-23 31.20 rb=24.01%
603079,圣达生物,2026-06-05,13.4,2,2,bottom_area,False,2026-04-24,18.25,2026-04-27,15.92,2026-06-05,13.15,,,27.94520547945205,2026-06-05,13.55,3.041825095057037,1.901140684410646,3.041825095057037,1.901140684410646,2022-03-29 15.61 -> 2022-04-27 10.75 dd=31.13% -> 2022-05-16 13.14 rb=22.23%; 2024-08-09 14.60 -> 2024-09-18 10.13 dd=30.62% -> 2024-10-08 13.66 rb=34.85%
688552,航天南湖,2026-06-05,29.52,2,2,bottom_area,False,2026-05-08,42.49,2026-05-13,39.02,2026-06-05,28.93,,,31.91339138620852,2026-06-05,29.96,3.560318008987214,2.039405461458693,3.560318008987214,2.039405461458693,2025-05-13 44.44 -> 2025-05-30 31.87 dd=28.29% -> 2025-06-09 38.57 rb=21.02%; 2025-08-29 45.91 -> 2025-09-04 32.66 dd=28.86% -> 2025-09-19 39.78 rb=21.80%
300490,华自科技,2026-06-05,14.76,2,2,bottom_area,False,2026-05-14,21.17,2026-05-15,19.1,2026-06-05,14.45,,,31.7430325932924,2026-06-05,15.18,5.051903114186854,2.145328719723187,5.051903114186854,2.145328719723187,2021-01-21 10.17 -> 2021-02-08 7.42 dd=27.04% -> 2021-02-22 9.39 rb=26.55%; 2021-07-22 23.40 -> 2021-07-28 15.75 dd=32.69% -> 2021-08-02 20.80 rb=32.06%
600009,上海机场,2026-06-05,23.64,2,2,bottom_area,False,2025-12-25,34.16,2026-01-15,31.72,2026-06-04,23.14,,,32.2599531615925,2026-06-05,23.94,3.457216940363011,2.16076058772688,3.457216940363011,2.16076058772688,2021-03-17 62.59 -> 2021-05-10 43.95 dd=29.78% -> 2021-06-03 52.85 rb=20.25%; 2021-06-03 52.85 -> 2021-08-02 36.60 dd=30.75% -> 2021-09-10 46.74 rb=27.70%
300753,爱朋医疗,2026-06-05,21.73,2,2,bottom_area,False,2026-05-19,29.2,2026-05-20,25.65,2026-06-05,21.27,,,27.15753424657535,2026-06-05,22.16,4.184297132110957,2.162670427832632,4.184297132110957,2.162670427832632,2022-12-19 24.49 -> 2022-12-27 17.08 dd=30.26% -> 2022-12-29 21.87 rb=28.04%; 2025-03-21 30.97 -> 2025-03-31 21.10 dd=31.87% -> 2025-04-01 26.30 rb=24.64%
300546,雄帝科技,2026-06-05,16.88,2,2,bottom_area,False,2026-05-11,23.58,2026-05-13,21.73,2026-06-05,16.51,,,29.98303647158608,2026-06-05,17.14,3.815869170199873,2.241066020593564,3.815869170199873,2.241066020593564,2022-01-18 33.00 -> 2022-01-20 24.00 dd=27.27% -> 2022-01-25 32.11 rb=33.79%; 2022-04-20 34.28 -> 2022-04-27 23.34 dd=31.91% -> 2022-05-11 28.19 rb=20.78%
603353,和顺石油,2026-06-05,43.5,2,2,bottom_area,False,2026-05-29,58.69,2026-06-01,47.02,2026-06-05,42.5,,,27.58561935593797,2026-06-05,44.65,5.058823529411762,2.352941176470588,5.058823529411762,2.352941176470588,2022-03-25 22.14 -> 2022-04-27 15.03 dd=32.11% -> 2022-05-09 19.10 rb=27.08%; 2023-12-01 36.80 -> 2023-12-08 25.66 dd=30.27% -> 2023-12-12 31.16 rb=21.43%
600316,洪都航空,2026-06-05,28.24,2,2,bottom_area,False,2026-05-08,38.1,2026-05-11,34.98,2026-06-04,27.58,,,27.61154855643045,2026-06-05,28.86,4.641044234952869,2.393038433647571,4.641044234952869,2.393038433647571,2022-04-21 26.65 -> 2022-04-27 18.81 dd=29.42% -> 2022-05-11 24.54 rb=30.46%; 2024-12-12 37.32 -> 2025-01-08 26.92 dd=27.87% -> 2025-01-15 33.64 rb=24.96%
600192,长城电工,2026-06-05,7.17,2,2,bottom_area,False,2026-05-14,9.88,2026-05-15,8.77,2026-06-05,7.0,,,29.1497975708502,2026-06-05,7.28,4.000000000000004,2.428571428571427,4.000000000000004,2.428571428571427,2024-04-02 5.39 -> 2024-04-17 3.75 dd=30.43% -> 2024-05-30 5.04 rb=34.40%; 2025-05-29 9.71 -> 2025-06-23 7.08 dd=27.09% -> 2025-07-03 11.39 rb=60.88%
600708,光明地产,2026-06-05,3.08,2,2,bottom_area,False,2026-05-11,4.16,2026-05-13,3.83,2026-06-04,3.0,,,27.88461538461539,2026-06-04,3.18,6.000000000000005,2.666666666666669,6.000000000000005,2.666666666666669,2025-03-20 3.80 -> 2025-04-09 2.55 dd=32.89% -> 2025-04-25 3.47 rb=36.08%; 2025-10-30 4.23 -> 2025-12-17 3.06 dd=27.66% -> 2026-01-05 3.98 rb=30.07%
688018,乐鑫科技,2026-06-05,120.25,2,2,bottom_area,False,2026-06-04,174.0,2026-06-05,117.07,2026-06-05,117.07,,,32.7183908045977,2026-06-05,123.69,5.654736482446404,2.716323567096615,5.654736482446404,2.716323567096615,2021-02-24 141.01 -> 2021-03-31 98.01 dd=30.49% -> 2021-04-19 131.95 rb=34.63%; 2025-04-01 233.00 -> 2025-04-07 165.17 dd=29.11% -> 2025-05-07 224.68 rb=36.03%
688339,亿华通,2026-06-05,21.14,2,2,bottom_area,False,2026-05-14,28.94,2026-05-15,26.33,2026-06-05,20.57,,,28.92190739460954,2026-06-05,21.66,5.298979095770539,2.771025765678174,5.298979095770539,2.771025765678174,2024-01-26 40.29 -> 2024-02-06 27.10 dd=32.74% -> 2024-03-01 47.78 rb=76.31%; 2024-10-08 30.81 -> 2024-10-17 22.40 dd=27.30% -> 2024-10-23 27.03 rb=20.67%
603230,内蒙新华,2026-06-05,9.9,2,2,bottom_area,False,2026-04-10,13.4,2026-04-13,11.32,2026-05-28,9.63,,,28.13432835820895,2026-06-02,10.16,5.503634475597085,2.803738317757005,5.503634475597085,2.803738317757005,2021-12-31 25.87 -> 2022-01-07 18.21 dd=29.61% -> 2022-01-10 23.95 rb=31.52%; 2022-03-21 14.57 -> 2022-04-27 9.99 dd=31.43% -> 2022-05-24 12.34 rb=23.52%
002108,沧州明珠,2026-06-05,4.75,2,2,bottom_area,False,2026-05-11,6.44,2026-05-13,5.95,2026-06-05,4.62,,,28.26086956521739,2026-06-05,4.8,3.89610389610389,2.813852813852812,3.89610389610389,2.813852813852812,2022-03-17 6.02 -> 2022-04-27 4.14 dd=31.23% -> 2022-05-11 5.15 rb=24.40%; 2023-12-25 4.33 -> 2024-02-05 2.96 dd=31.64% -> 2024-02-28 3.74 rb=26.35%
002589,瑞康医药,2026-06-05,2.87,2,2,bottom_area,False,2026-04-16,3.95,2026-04-17,3.41,2026-05-27,2.79,,,29.36708860759494,2026-06-01,2.95,5.734767025089611,2.867383512544806,5.734767025089611,2.867383512544806,2022-01-14 5.26 -> 2022-02-24 3.58 dd=31.94% -> 2022-03-07 4.60 rb=28.49%; 2024-01-26 3.01 -> 2024-02-06 2.05 dd=31.89% -> 2024-02-28 2.81 rb=37.07%
603348,文灿股份,2026-06-05,15.9,2,2,bottom_area,False,2026-04-08,22.0,2026-04-09,20.31,2026-06-05,15.43,,,29.86363636363636,2026-06-05,16.11,4.406999351911859,3.046014257939084,4.406999351911859,3.046014257939084,2021-09-06 37.06 -> 2021-09-30 26.95 dd=27.28% -> 2021-10-14 35.45 rb=31.54%; 2022-03-30 42.41 -> 2022-04-15 28.48 dd=32.85% -> 2022-04-19 36.00 rb=26.40%
300471,厚普股份,2026-06-05,9.69,2,2,bottom_area,False,2026-04-21,13.73,2026-04-23,12.41,2026-06-05,9.4,,,31.53678077203205,2026-06-05,9.81,4.361702127659576,3.085106382978714,4.361702127659576,3.085106382978714,2021-08-27 33.80 -> 2021-09-06 23.10 dd=31.66% -> 2021-09-09 27.80 rb=20.35%; 2024-04-02 11.41 -> 2024-04-16 8.29 dd=27.34% -> 2024-04-17 9.98 rb=20.39%
000576,甘化科工,2026-06-05,7.43,2,2,bottom_area,False,2026-04-15,9.95,2026-04-24,9.21,2026-06-05,7.2,,,27.63819095477386,2026-06-05,7.52,4.444444444444437,3.194444444444438,4.444444444444437,3.194444444444438,2021-09-16 14.65 -> 2021-10-28 10.66 dd=27.24% -> 2021-11-15 13.22 rb=24.02%; 2025-03-25 8.22 -> 2025-04-09 5.83 dd=29.08% -> 2025-05-15 11.08 rb=90.05%
002652,扬子新材,2026-06-05,5.03,2,2,bottom_area,False,2026-05-25,6.71,2026-05-26,5.96,2026-06-05,4.86,,,27.57078986587182,2026-06-05,5.16,6.172839506172836,3.497942386831274,6.172839506172836,3.497942386831274,2022-06-08 3.43 -> 2022-06-14 2.50 dd=27.11% -> 2022-06-27 3.06 rb=22.40%; 2023-10-13 3.95 -> 2023-10-24 2.86 dd=27.59% -> 2023-11-21 3.53 rb=23.43%
001696,宗申动力,2026-06-05,14.5,2,2,bottom_area,False,2026-04-20,19.97,2026-04-27,17.57,2026-06-05,13.98,,,29.99499248873309,2026-06-05,14.83,6.080114449213159,3.719599427753931,6.080114449213159,3.719599427753931,2024-01-26 6.13 -> 2024-02-06 4.45 dd=27.41% -> 2024-03-22 7.35 rb=65.17%; 2024-10-31 35.33 -> 2024-11-05 25.25 dd=28.53% -> 2024-11-06 31.00 rb=22.77%
600391,航发科技,2026-06-05,33.79,2,2,bottom_area,False,2026-05-21,47.53,2026-05-22,42.99,2026-06-02,32.57,,,31.47485798443089,2026-06-02,35.09,7.737181455326998,3.745778323610681,7.737181455326998,3.745778323610681,2021-01-19 24.08 -> 2021-02-08 17.07 dd=29.11% -> 2021-02-19 21.80 rb=27.71%; 2021-12-31 29.52 -> 2022-01-28 20.46 dd=30.69% -> 2022-03-02 24.68 rb=20.63%
600135,乐凯胶片,2026-06-05,9.11,2,2,bottom_area,False,2026-05-11,12.8,2026-05-12,11.66,2026-06-02,8.78,,,31.40625000000001,2026-06-02,9.25,5.353075170842833,3.758542141230069,5.353075170842833,3.758542141230069,2022-03-31 7.52 -> 2022-04-27 5.30 dd=29.52% -> 2022-06-27 8.32 rb=56.98%; 2022-08-17 8.73 -> 2022-10-12 6.03 dd=30.93% -> 2022-11-23 7.78 rb=29.02%
688089,嘉必优,2026-06-05,12.66,2,2,bottom_area,False,2026-05-12,17.33,2026-05-13,16.02,2026-06-05,12.2,,,29.60184650894402,2026-06-05,12.86,5.409836065573772,3.770491803278696,5.409836065573772,3.770491803278696,2021-09-28 56.44 -> 2021-10-28 40.28 dd=28.63% -> 2021-11-15 56.73 rb=40.84%; 2024-12-12 23.66 -> 2025-01-13 16.93 dd=28.44% -> 2025-02-17 26.89 rb=58.83%
000901,航天科技,2026-06-05,18.86,2,2,bottom_area,False,2026-05-11,25.09,2026-05-14,22.3,2026-06-02,18.15,,,27.66042247907534,2026-06-05,19.18,5.674931129476591,3.911845730027553,5.674931129476591,3.911845730027553,2022-04-14 9.52 -> 2022-04-27 6.91 dd=27.42% -> 2022-05-31 9.84 rb=42.40%; 2024-01-26 8.56 -> 2024-02-06 6.22 dd=27.34% -> 2024-02-28 8.35 rb=34.24%
688251,井松智能,2026-06-05,24.85,2,2,bottom_area,False,2026-05-08,32.99,2026-05-12,29.88,2026-06-05,23.89,,,27.58411639890877,2026-06-05,25.33,6.02762662201757,4.018417748011724,6.02762662201757,4.018417748011724,2024-12-10 20.43 -> 2025-01-06 14.80 dd=27.56% -> 2025-02-12 20.69 rb=39.80%; 2025-03-28 22.60 -> 2025-04-07 15.81 dd=30.04% -> 2025-05-09 22.98 rb=45.35%
300986,志特新材,2026-06-05,18.97,2,2,bottom_area,False,2026-05-11,25.4,2026-05-12,23.18,2026-06-05,18.23,,,28.22834645669291,2026-06-05,19.42,6.527701590784428,4.059243006034001,6.527701590784428,4.059243006034001,2025-04-02 19.08 -> 2025-04-09 13.82 dd=27.57% -> 2025-04-21 19.50 rb=41.10%; 2026-01-12 33.38 -> 2026-01-19 23.90 dd=28.40% -> 2026-01-21 36.99 rb=54.77%
002685,华东重机,2026-06-05,7.25,2,2,bottom_area,False,2026-05-21,9.78,2026-05-22,8.88,2026-06-05,6.96,,,28.83435582822085,2026-06-05,7.32,5.172413793103453,4.166666666666667,5.172413793103453,4.166666666666667,2022-03-22 3.31 -> 2022-04-27 2.31 dd=30.21% -> 2022-05-11 4.84 rb=109.52%; 2024-08-06 3.94 -> 2024-08-28 2.75 dd=30.20% -> 2024-09-13 3.45 rb=25.45%
002519,银河电子,2026-06-05,6.62,2,2,bottom_area,False,2026-05-08,9.11,2026-05-12,8.44,2026-06-02,6.33,,,30.51591657519209,2026-06-05,6.74,6.477093206951029,4.58135860979463,6.477093206951029,4.58135860979463,2022-06-06 5.75 -> 2022-06-14 3.96 dd=31.13% -> 2022-06-24 4.79 rb=20.96%; 2025-03-25 5.40 -> 2025-04-09 3.83 dd=29.07% -> 2025-04-10 4.63 rb=20.89%
300618,寒锐钴业,2026-06-05,36.12,1,1,bottom_area,False,2026-05-07,50.11,2026-05-12,43.48,2026-06-05,36.01,,,28.13809618838555,2026-06-05,37.45,3.998889197445168,0.3054707025826144,3.998889197445168,0.3054707025826144,2024-01-26 24.83 -> 2024-02-05 17.74 dd=28.55% -> 2024-02-08 23.50 rb=32.47%
600808,马钢股份,2026-06-05,2.84,1,1,bottom_area,False,2026-04-23,4.2,2026-04-24,3.89,2026-06-04,2.83,,,32.61904761904762,2026-06-04,2.9,2.473498233215542,0.3533568904593564,2.473498233215542,0.3533568904593564,2025-03-04 3.59 -> 2025-04-09 2.60 dd=27.58% -> 2025-04-18 3.19 rb=22.69%
301177,迪阿股份,2026-06-05,23.88,1,1,bottom_area,False,2026-05-15,32.7,2026-05-19,29.92,2026-06-05,23.76,,,27.33944954128441,2026-06-05,24.38,2.609427609427599,0.5050505050504942,2.609427609427599,0.5050505050504942,2025-09-09 41.27 -> 2025-12-17 28.11 dd=31.89% -> 2026-01-26 34.13 rb=21.42%
000959,首钢股份,2026-06-05,3.46,1,1,bottom_area,False,2026-04-29,4.73,2026-05-12,4.36,2026-06-04,3.44,,,27.27272727272728,2026-06-04,3.56,3.488372093023259,0.5813953488372098,3.488372093023259,0.5813953488372098,2022-03-03 6.77 -> 2022-03-16 4.72 dd=30.28% -> 2022-04-08 5.92 rb=25.42%
002190,成飞集成,2026-06-05,26.08,1,1,bottom_area,False,2026-05-13,36.38,2026-05-14,32.0,2026-06-05,25.91,,,28.77954920285872,2026-06-05,26.58,2.585874179853331,0.6561173292165116,2.585874179853331,0.6561173292165116,2024-01-26 16.91 -> 2024-02-06 11.77 dd=30.40% -> 2024-02-28 16.37 rb=39.08%
603799,华友钴业,2026-06-05,49.96,1,1,bottom_area,False,2026-05-07,70.85,2026-05-08,65.55,2026-06-05,49.62,,,29.96471418489767,2026-06-05,51.67,4.131398629584853,0.6852075775896885,4.131398629584853,0.6852075775896885,2025-03-14 40.13 -> 2025-04-09 27.37 dd=31.80% -> 2025-05-23 36.08 rb=31.82%
300251,光线传媒,2026-06-05,12.04,1,1,bottom_area,False,2026-04-21,17.22,2026-04-22,15.22,2026-06-05,11.95,,,30.60394889663182,2026-06-05,12.23,2.343096234309633,0.7531380753138064,2.343096234309633,0.7531380753138064,2025-03-12 24.44 -> 2025-04-07 17.45 dd=28.60% -> 2025-04-21 22.87 rb=31.06%
601390,中国中铁,2026-06-05,4.69,1,1,bottom_area,False,2026-02-25,6.47,2026-03-03,5.97,2026-05-28,4.65,,,28.12982998454404,2026-06-02,4.84,4.086021505376333,0.8602150537634415,4.086021505376333,0.8602150537634415,2024-04-15 7.38 -> 2024-09-18 4.95 dd=32.93% -> 2024-10-08 7.23 rb=46.06%
605222,起帆电缆,2026-06-05,28.05,1,1,bottom_area,False,2026-05-21,38.58,2026-05-22,35.6,2026-06-04,27.81,,,27.91601866251944,2026-06-05,29.21,5.034160373966207,0.8629989212513557,5.034160373966207,0.8629989212513557,2024-01-02 19.59 -> 2024-02-05 13.70 dd=30.07% -> 2024-02-28 17.09 rb=24.74%
688656,浩欧博,2026-06-05,103.42,1,1,bottom_area,False,2026-05-08,147.77,2026-05-14,136.52,2026-06-05,102.52,,,30.62191243148136,2026-06-05,105.5,2.906749902458061,0.877877487319553,2.906749902458061,0.877877487319553,2025-06-12 144.44 -> 2025-06-23 100.01 dd=30.76% -> 2025-06-26 134.60 rb=34.59%
600426,华鲁恒升,2026-06-05,27.55,1,1,bottom_area,False,2026-04-30,39.7,2026-05-06,36.68,2026-06-05,27.28,,,31.28463476070529,2026-06-05,28.8,5.571847507331377,0.9897360703812301,5.571847507331377,0.9897360703812301,2021-05-12 40.09 -> 2021-05-24 27.21 dd=32.13% -> 2021-06-09 35.20 rb=29.36%
600216,浙江医药,2026-06-05,12.17,1,1,bottom_area,False,2026-03-30,16.87,2026-04-03,15.6,2026-06-04,12.05,,,28.57142857142857,2026-06-04,12.47,3.485477178423236,0.9958506224066325,3.485477178423236,0.9958506224066325,2025-02-28 16.23 -> 2025-04-09 11.60 dd=28.53% -> 2025-06-12 16.34 rb=40.86%
000710,贝瑞基因,2026-06-05,8.32,1,1,bottom_area,False,2026-05-11,12.09,2026-05-12,10.69,2026-06-04,8.23,,,31.92721257237386,2026-06-04,8.61,4.617253948967181,1.093560145808018,4.617253948967181,1.093560145808018,2025-04-01 14.55 -> 2025-04-09 10.18 dd=30.03% -> 2025-04-15 14.21 rb=39.59%
603062,麦加芯彩,2026-06-05,42.6,1,1,bottom_area,False,2026-05-08,58.5,2026-05-14,53.5,2026-06-05,42.1,,,28.03418803418803,2026-06-05,43.66,3.705463182897851,1.187648456057007,3.705463182897851,1.187648456057007,2024-01-29 51.24 -> 2024-02-06 35.94 dd=29.86% -> 2024-02-26 49.40 rb=37.45%
001367,海森药业,2026-06-05,19.48,1,1,bottom_area,False,2026-04-23,27.22,2026-04-24,25.06,2026-06-05,19.25,,,29.2799412196914,2026-06-05,19.78,2.753246753246759,1.194805194805197,2.753246753246759,1.194805194805197,2023-04-14 72.50 -> 2023-04-24 49.30 dd=32.00% -> 2023-04-26 60.98 rb=23.69%
002840,华统股份,2026-06-05,8.02,1,1,bottom_area,False,2026-05-15,11.2,2026-05-18,10.12,2026-06-05,7.92,,,29.28571428571428,2026-06-05,8.3,4.797979797979808,1.262626262626258,4.797979797979808,1.262626262626258,2024-08-13 14.31 -> 2024-09-18 9.68 dd=32.35% -> 2024-10-08 14.49 rb=49.69%
001206,依依股份,2026-06-05,16.02,1,1,bottom_area,False,2026-04-16,21.94,2026-04-17,20.06,2026-06-05,15.82,,,27.89425706472197,2026-06-05,16.26,2.781289506953232,1.264222503160552,2.781289506953232,1.264222503160552,2025-04-02 19.77 -> 2025-04-09 13.78 dd=30.30% -> 2025-04-25 19.57 rb=42.02%
002469,三维化学,2026-06-05,6.3,1,1,bottom_area,False,2026-04-16,8.96,2026-04-23,8.21,2026-05-29,6.22,,,30.58035714285715,2026-06-01,6.62,6.430868167202579,1.286173633440516,6.430868167202579,1.286173633440516,2024-01-26 5.95 -> 2024-02-06 4.00 dd=32.77% -> 2024-02-28 5.46 rb=36.50%
601865,福莱特,2026-06-05,11.13,1,1,bottom_area,False,2026-04-20,15.09,2026-04-28,13.36,2026-06-05,10.98,,,27.23658051689861,2026-06-05,11.37,3.551912568306,1.366120218579238,3.551912568306,1.366120218579238,2022-04-19 45.48 -> 2022-04-26 33.02 dd=27.40% -> 2022-05-11 45.98 rb=39.25%
002588,史丹利,2026-06-05,8.89,1,1,bottom_area,False,2026-04-23,12.1,2026-04-27,11.12,2026-06-04,8.77,,,27.52066115702479,2026-06-04,9.05,3.192702394526809,1.368301026225781,3.192702394526809,1.368301026225781,2022-04-20 7.35 -> 2022-04-27 5.28 dd=28.16% -> 2022-05-16 7.12 rb=34.85%
002460,赣锋锂业,2026-06-05,65.65,1,1,bottom_area,False,2026-05-06,91.67,2026-05-08,84.68,2026-06-05,64.68,,,29.44256572488272,2026-06-05,68.05,5.210265924551623,1.499690785405069,5.210265924551623,1.499690785405069,2024-01-11 45.62 -> 2024-02-05 30.80 dd=32.49% -> 2024-03-04 41.35 rb=34.25%
688307,中润光学,2026-06-05,67.63,1,1,bottom_area,True,2026-05-21,96.87,2026-05-22,87.1,2026-06-02,66.63,2026-06-05,71.58,31.21709507587489,2026-06-05,71.58,7.429085997298519,1.5008254539997,7.429085997298519,1.5008254539997,2023-04-19 40.75 -> 2023-05-10 28.21 dd=30.77% -> 2023-05-19 33.88 rb=20.10%
000932,华菱钢铁,2026-06-05,3.92,1,1,bottom_area,False,2026-03-25,5.29,2026-04-07,4.88,2026-06-04,3.86,,,27.03213610586011,2026-06-05,4.0,3.62694300518135,1.554404145077722,3.62694300518135,1.554404145077722,2024-07-02 4.69 -> 2024-09-12 3.32 dd=29.21% -> 2024-10-08 5.17 rb=55.72%
002252,上海莱士,2026-06-05,5.19,1,1,bottom_area,False,2025-08-26,7.26,2025-09-04,6.72,2026-06-04,5.11,,,29.61432506887052,2026-06-05,5.26,2.935420743639911,1.565557729941293,2.935420743639911,1.565557729941293,2023-12-13 8.68 -> 2024-02-05 5.93 dd=31.68% -> 2024-03-14 7.65 rb=29.01%
300981,中红医疗,2026-06-05,11.63,1,1,bottom_area,False,2026-05-25,15.8,2026-05-26,13.61,2026-06-05,11.45,,,27.53164556962026,2026-06-05,11.85,3.493449781659392,1.572052401746738,3.493449781659392,1.572052401746738,2026-03-19 18.27 -> 2026-03-30 12.71 dd=30.43% -> 2026-04-07 15.88 rb=24.94%
600550,保变电气,2026-06-05,12.83,1,1,bottom_area,False,2026-05-13,17.32,2026-05-14,15.7,2026-06-04,12.63,,,27.07852193995381,2026-06-04,13.49,6.809184481393503,1.58353127474267,6.809184481393503,1.58353127474267,2025-04-01 9.23 -> 2025-04-09 6.49 dd=29.69% -> 2025-04-14 8.78 rb=35.29%
000792,盐湖股份,2026-06-05,29.45,1,1,bottom_area,False,2026-04-30,41.6,2026-05-06,38.61,2026-06-05,28.98,,,30.33653846153846,2026-06-05,30.35,4.727398205659079,1.62180814354727,4.727398205659079,1.62180814354727,2021-08-10 43.90 -> 2021-08-12 31.32 dd=28.66% -> 2021-08-13 39.12 rb=24.90%
002131,利欧股份,2026-06-05,5.6,1,1,bottom_area,False,2026-05-19,7.59,2026-05-20,6.9,2026-06-05,5.51,,,27.40447957839262,2026-06-05,5.82,5.626134301270427,1.633393829401086,5.626134301270427,1.633393829401086,2026-01-15 10.40 -> 2026-01-23 7.59 dd=27.02% -> 2026-02-03 10.32 rb=35.97%
301191,菲菱科思,2026-06-05,135.88,1,1,bottom_area,False,2026-05-25,190.0,2026-05-26,164.2,2026-06-05,133.67,,,29.64736842105264,2026-06-05,140.81,5.341512680481795,1.653325353482463,5.341512680481795,1.653325353482463,2025-08-27 127.50 -> 2025-09-04 92.60 dd=27.37% -> 2025-09-18 122.00 rb=31.75%
688551,科威尔,2026-06-05,54.08,1,1,bottom_area,False,2026-06-04,74.46,2026-06-05,53.2,2026-06-05,53.2,,,28.55224281493418,2026-06-05,57.11,7.349624060150369,1.654135338345856,7.349624060150369,1.654135338345856,2025-03-12 31.65 -> 2025-04-07 23.08 dd=27.08% -> 2025-06-10 30.30 rb=31.28%
600067,冠城新材,2026-06-05,3.01,1,1,bottom_area,False,2026-04-22,4.2,2026-04-27,3.81,2026-06-05,2.96,,,29.52380952380953,2026-06-05,3.06,3.378378378378381,1.689189189189183,3.378378378378381,1.689189189189183,2025-03-04 2.77 -> 2025-04-09 1.97 dd=28.88% -> 2025-04-28 2.49 rb=26.40%
300577,开润股份,2026-06-05,16.34,1,1,bottom_area,False,2026-05-07,22.36,2026-05-11,20.5,2026-06-04,16.06,,,28.17531305903399,2026-06-04,16.66,3.73599003735991,1.743462017434628,3.73599003735991,1.743462017434628,2022-04-22 17.50 -> 2022-04-28 12.74 dd=27.20% -> 2022-05-06 15.75 rb=23.63%
601800,中国交建,2026-06-05,6.28,1,1,bottom_area,False,2026-03-13,8.55,2026-03-20,7.92,2026-05-27,6.17,,,27.83625730994153,2026-06-01,6.53,5.83468395461913,1.782820097244738,5.83468395461913,1.782820097244738,2023-08-28 10.10 -> 2024-01-23 6.81 dd=32.57% -> 2024-01-29 9.36 rb=37.44%
600328,中盐化工,2026-06-05,6.73,1,1,bottom_area,False,2026-04-22,9.07,2026-04-30,8.05,2026-06-04,6.61,,,27.12238147739802,2026-06-04,6.85,3.630862329803318,1.815431164901666,3.630862329803318,1.815431164901666,2022-04-19 19.98 -> 2022-04-27 14.25 dd=28.68% -> 2022-05-06 19.56 rb=37.26%
300639,凯普生物,2026-06-05,5.43,1,1,bottom_area,False,2026-05-11,7.55,2026-05-12,6.88,2026-06-04,5.33,,,29.40397350993377,2026-06-04,5.54,3.939962476547842,1.876172607879918,3.939962476547842,1.876172607879918,2024-01-26 7.88 -> 2024-02-05 5.65 dd=28.30% -> 2024-02-08 7.53 rb=33.27%
600410,华胜天成,2026-06-05,17.9,1,1,bottom_area,False,2026-05-13,24.55,2026-05-15,22.8,2026-06-05,17.57,,,28.43177189409369,2026-06-05,18.29,4.097894137734769,1.878201479795095,4.097894137734769,1.878201479795095,2025-03-25 9.13 -> 2025-04-09 6.30 dd=31.00% -> 2025-05-08 11.98 rb=90.16%
301397,溯联股份,2026-06-05,30.85,1,1,bottom_area,False,2026-05-19,42.5,2026-05-21,39.4,2026-06-05,30.23,,,28.87058823529411,2026-06-05,31.52,4.267284154813097,2.050942772080718,4.267284154813097,2.050942772080718,2025-07-07 37.27 -> 2025-07-10 26.61 dd=28.60% -> 2025-08-11 43.98 rb=65.28%
002466,天齐锂业,2026-06-05,59.06,1,1,bottom_area,False,2026-05-06,82.49,2026-05-08,76.0,2026-06-05,57.81,,,29.91877803370105,2026-06-05,61.2,5.864037363777894,2.162255665109843,5.864037363777894,2.162255665109843,2024-01-11 60.98 -> 2024-02-05 41.06 dd=32.67% -> 2024-03-04 55.15 rb=34.32%
300569,天能重工,2026-06-05,5.16,1,1,bottom_area,False,2026-04-17,7.18,2026-04-21,6.57,2026-06-05,5.05,,,29.66573816155989,2026-06-05,5.25,3.960396039603964,2.178217821782185,3.960396039603964,2.178217821782185,2024-01-30 5.76 -> 2024-02-06 3.95 dd=31.42% -> 2024-02-28 5.54 rb=40.25%
600830,香溢融通,2026-06-05,7.89,1,1,bottom_area,False,2026-05-11,10.78,2026-05-15,9.9,2026-06-05,7.72,,,28.38589981447124,2026-06-05,7.96,3.108808290155443,2.202072538860103,3.108808290155443,2.202072538860103,2025-03-17 10.03 -> 2025-04-09 7.26 dd=27.62% -> 2025-05-07 9.35 rb=28.79%
600770,综艺股份,2026-06-05,6.02,1,1,bottom_area,False,2026-05-11,8.62,2026-05-13,7.69,2026-06-02,5.89,,,31.67053364269141,2026-06-02,6.17,4.753820033955862,2.207130730050932,4.753820033955862,2.207130730050932,2025-03-17 4.79 -> 2025-04-09 3.39 dd=29.23% -> 2025-04-14 4.33 rb=27.73%
688223,晶科能源,2026-06-05,5.38,1,1,bottom_area,False,2026-05-14,7.83,2026-05-15,6.62,2026-06-05,5.26,,,32.82247765006386,2026-06-05,5.6,6.463878326996195,2.281368821292778,6.463878326996195,2.281368821292778,2026-02-09 9.66 -> 2026-03-04 6.92 dd=28.36% -> 2026-03-11 8.80 rb=27.17%
688091,上海谊众,2026-06-05,42.58,1,1,bottom_area,False,2026-05-28,61.98,2026-05-29,46.2,2026-06-02,41.61,,,32.86544046466602,2026-06-02,46.2,11.03100216294161,2.331170391732754,11.03100216294161,2.331170391732754,2024-01-26 53.48 -> 2024-02-06 36.55 dd=31.66% -> 2024-02-19 48.60 rb=32.97%
603300,海南华铁,2026-06-05,5.26,1,1,bottom_area,False,2026-04-20,7.22,2026-04-27,6.66,2026-06-05,5.14,,,28.80886426592798,2026-06-05,5.36,4.280155642023359,2.334630350194554,4.280155642023359,2.334630350194554,2025-04-03 11.62 -> 2025-04-09 8.30 dd=28.57% -> 2025-04-15 10.46 rb=26.02%
300775,三角防务,2026-06-05,23.96,1,1,bottom_area,False,2026-05-13,32.58,2026-05-14,30.18,2026-06-05,23.41,,,28.14610190300797,2026-06-05,24.45,4.442545920546771,2.349423323366086,4.442545920546771,2.349423323366086,2025-03-20 27.91 -> 2025-04-07 19.53 dd=30.03% -> 2025-04-16 26.80 rb=37.22%
600620,天宸股份,2026-06-05,4.71,1,1,bottom_area,False,2026-04-09,6.54,2026-04-16,6.05,2026-06-04,4.6,,,29.66360856269113,2026-06-05,4.79,4.130434782608704,2.391304347826094,4.130434782608704,2.391304347826094,2025-03-18 5.74 -> 2025-04-09 4.05 dd=29.44% -> 2025-04-28 5.24 rb=29.38%
300505,川金诺,2026-06-05,19.48,1,1,bottom_area,False,2026-05-12,26.68,2026-05-14,24.33,2026-06-05,19.02,,,28.71064467766117,2026-06-05,19.76,3.890641430073617,2.418506834910625,3.890641430073617,2.418506834910625,2021-09-02 52.00 -> 2021-09-06 37.30 dd=28.27% -> 2021-09-08 51.98 rb=39.36%
605108,同庆楼,2026-06-05,13.12,1,1,bottom_area,False,2026-04-23,17.8,2026-04-30,15.71,2026-06-04,12.81,,,28.03370786516854,2026-06-04,13.37,4.371584699453542,2.419984387197492,4.371584699453542,2.419984387197492,2024-10-08 24.48 -> 2024-10-18 17.73 dd=27.57% -> 2024-10-29 21.57 rb=21.66%
301616,浙江华业,2026-06-05,38.36,1,1,bottom_area,False,2026-04-20,52.37,2026-04-23,48.4,2026-06-05,37.43,,,28.52778308191712,2026-06-05,39.13,4.541811381244998,2.484637990916376,4.541811381244998,2.484637990916376,2025-03-31 66.66 -> 2025-04-01 48.55 dd=27.17% -> 2025-04-03 61.66 rb=27.00%
002858,力盛体育,2026-06-05,12.76,1,1,bottom_area,False,2026-04-30,17.45,2026-05-18,14.94,2026-06-05,12.45,,,28.65329512893983,2026-06-05,13.09,5.140562248995989,2.489959839357434,5.140562248995989,2.489959839357434,2023-12-20 22.86 -> 2023-12-28 15.90 dd=30.45% -> 2024-01-02 19.17 rb=20.57%
601186,中国铁建,2026-06-05,6.36,1,1,bottom_area,False,2025-07-23,8.93,2025-07-25,8.24,2026-05-28,6.2,,,30.57110862262038,2026-06-01,6.5,4.838709677419352,2.580645161290325,4.838709677419352,2.580645161290325,2024-11-18 10.31 -> 2025-04-07 7.29 dd=29.29% -> 2025-07-23 8.93 rb=22.50%
300736,百邦科技,2026-06-05,30.32,1,1,bottom_area,False,2026-05-19,40.88,2026-05-21,37.52,2026-06-05,29.55,,,27.71526418786693,2026-06-05,31.0,4.906937394247037,2.605752961082909,4.906937394247037,2.605752961082909,2021-01-20 8.54 -> 2021-02-08 6.19 dd=27.52% -> 2021-03-08 8.45 rb=36.51%
688338,赛科希德,2026-06-05,24.55,1,1,bottom_area,False,2026-04-24,32.99,2026-04-28,30.21,2026-06-05,23.92,,,27.49317975143983,2026-06-05,24.87,3.971571906354512,2.633779264214043,3.971571906354512,2.633779264214043,2024-01-26 26.99 -> 2024-02-06 18.49 dd=31.49% -> 2024-02-19 26.30 rb=42.24%
600346,恒力石化,2026-06-05,16.96,1,1,bottom_area,False,2026-05-14,23.23,2026-05-15,21.02,2026-06-05,16.52,,,28.88506241928541,2026-06-05,17.58,6.416464891041154,2.663438256658603,6.416464891041154,2.663438256658603,2022-02-21 26.95 -> 2022-03-09 18.47 dd=31.47% -> 2022-03-17 22.80 rb=23.44%
002760,凤形股份,2026-06-05,18.79,1,1,bottom_area,False,2026-05-19,26.5,2026-05-20,24.03,2026-06-05,18.3,,,30.94339622641509,2026-06-05,19.16,4.699453551912565,2.677595628415292,4.699453551912565,2.677595628415292,2022-04-19 23.37 -> 2022-04-28 16.02 dd=31.45% -> 2022-05-11 19.88 rb=24.09%
002298,中电鑫龙,2026-06-05,8.77,1,1,bottom_area,False,2026-05-19,12.01,2026-05-21,10.5,2026-06-05,8.54,,,28.89258950874272,2026-06-05,8.93,4.566744730679164,2.693208430913354,4.566744730679164,2.693208430913354,2022-08-29 7.95 -> 2022-10-10 5.73 dd=27.92% -> 2022-10-20 7.09 rb=23.73%
603716,塞力医疗,2026-06-05,16.24,1,1,bottom_area,False,2026-05-19,22.0,2026-05-20,19.91,2026-06-05,15.81,,,28.13636363636363,2026-06-05,16.6,4.996837444655287,2.719797596457925,4.996837444655287,2.719797596457925,2025-04-02 11.60 -> 2025-04-09 8.10 dd=30.17% -> 2025-04-15 10.59 rb=30.74%
601002,晋亿实业,2026-06-05,5.11,1,1,bottom_area,False,2026-04-20,6.81,2026-04-24,6.13,2026-05-28,4.96,,,27.16593245227606,2026-05-28,5.39,8.66935483870967,3.024193548387104,8.66935483870967,3.024193548387104,2025-03-20 5.18 -> 2025-04-09 3.64 dd=29.73% -> 2025-04-14 4.92 rb=35.16%
301636,泽润新能,2026-06-05,49.33,1,1,bottom_area,False,2026-05-12,69.6,2026-05-13,62.62,2026-06-05,47.87,,,31.22126436781609,2026-06-05,50.0,4.449550866931277,3.049926885314395,4.449550866931277,3.049926885314395,2026-04-16 80.89 -> 2026-04-29 56.00 dd=30.77% -> 2026-05-12 69.60 rb=24.29%
688176,亚虹医药,2026-06-05,10.4,1,1,bottom_area,False,2026-04-15,14.59,2026-04-20,13.47,2026-06-04,10.09,,,30.84304318026046,2026-06-04,10.71,6.144697720515372,3.072348860257686,6.144697720515372,3.072348860257686,2022-03-21 14.47 -> 2022-04-27 10.56 dd=27.02% -> 2022-06-08 13.25 rb=25.47%
688670,金迪克,2026-06-05,15.85,1,1,bottom_area,False,2026-05-19,21.2,2026-05-21,19.02,2026-06-04,15.37,,,27.5,2026-06-05,16.39,6.636304489264811,3.122966818477556,6.636304489264811,3.122966818477556,2025-11-17 29.79 -> 2025-11-21 20.84 dd=30.04% -> 2025-11-26 30.90 rb=48.27%
688085,三友医疗,2026-06-05,14.15,1,1,bottom_area,False,2026-05-08,19.89,2026-05-14,18.23,2026-06-05,13.71,,,31.0708898944193,2026-06-05,14.5,5.762217359591532,3.209336250911739,5.762217359591532,3.209336250911739,2024-01-25 16.58 -> 2024-02-05 11.97 dd=27.80% -> 2024-02-28 17.45 rb=45.78%
002929,润建股份,2026-06-05,66.93,1,1,bottom_area,False,2026-05-26,92.75,2026-05-27,77.2,2026-06-05,64.77,,,30.16711590296496,2026-06-05,69.0,6.530801296896718,3.334877257989826,6.530801296896718,3.334877257989826,2025-04-02 54.66 -> 2025-04-09 39.21 dd=28.27% -> 2025-04-10 48.98 rb=24.92%
002703,浙江世宝,2026-06-05,16.76,1,1,bottom_area,False,2026-05-26,22.58,2026-05-27,20.52,2026-06-05,16.2,,,28.25509300265722,2026-06-05,17.38,7.283950617283949,3.456790123456805,7.283950617283949,3.456790123456805,2023-07-18 19.39 -> 2023-07-24 14.06 dd=27.49% -> 2023-07-31 17.33 rb=23.26%
002380,科远智慧,2026-06-05,38.41,1,1,bottom_area,False,2026-05-22,51.06,2026-05-25,45.59,2026-06-05,37.1,,,27.34038386212299,2026-06-05,39.35,6.064690026954177,3.530997304582197,6.064690026954177,3.530997304582197,2022-10-20 19.18 -> 2022-10-25 13.60 dd=29.09% -> 2022-11-14 17.10 rb=25.74%
003007,直真科技,2026-06-05,40.4,1,1,bottom_area,False,2026-05-22,54.34,2026-05-25,49.88,2026-06-05,39.01,,,28.21126242178875,2026-06-05,40.79,4.56293258138939,3.563188925916434,4.56293258138939,3.563188925916434,2025-04-02 33.26 -> 2025-04-09 24.00 dd=27.84% -> 2025-04-23 28.83 rb=20.12%
300615,欣天科技,2026-06-05,11.55,1,1,bottom_area,False,2026-05-20,15.98,2026-05-21,13.79,2026-06-05,11.15,,,30.2252816020025,2026-06-05,11.78,5.650224215246627,3.587443946188344,5.650224215246627,3.587443946188344,2024-03-29 13.04 -> 2024-04-16 9.01 dd=30.90% -> 2024-04-19 11.20 rb=24.31%
688189,南新制药,2026-06-05,7.74,1,1,bottom_area,False,2026-05-19,10.4,2026-05-20,9.51,2026-06-04,7.47,,,28.17307692307693,2026-06-05,7.91,5.89022757697457,3.614457831325307,5.89022757697457,3.614457831325307,2024-05-09 7.50 -> 2024-06-06 5.22 dd=30.40% -> 2024-06-21 6.43 rb=23.18%
000006,深振业A,2026-06-05,8.51,1,1,bottom_area,False,2026-05-19,11.25,2026-05-21,10.45,2026-06-05,8.21,,,27.02222222222222,2026-06-05,8.69,5.846528623629703,3.654080389768562,5.846528623629703,3.654080389768562,2023-08-29 6.10 -> 2023-10-23 4.13 dd=32.30% -> 2023-11-22 5.46 rb=32.20%
002963,豪尔赛,2026-06-05,16.13,1,1,bottom_area,True,2026-05-19,21.5,2026-05-21,19.2,2026-06-04,15.56,2026-06-05,17.18,27.62790697674418,2026-06-05,17.18,10.41131105398457,3.663239074550119,10.41131105398457,3.663239074550119,2025-11-19 19.20 -> 2025-11-25 13.28 dd=30.83% -> 2025-12-01 16.24 rb=22.29%
002773,康弘药业,2026-06-05,21.33,1,1,bottom_area,False,2026-04-02,30.6,2026-04-07,27.92,2026-05-28,20.57,,,32.77777777777778,2026-06-05,21.93,6.611570247933882,3.694701020904219,6.611570247933882,3.694701020904219,2022-03-31 16.92 -> 2022-04-27 11.95 dd=29.37% -> 2022-05-13 14.83 rb=24.10%
300780,德恩精工,2026-06-05,25.72,1,1,bottom_area,False,2026-05-14,35.0,2026-05-18,32.5,2026-06-05,24.8,,,29.14285714285714,2026-06-05,26.66,7.499999999999997,3.709677419354831,7.499999999999997,3.709677419354831,2025-04-02 16.26 -> 2025-04-09 11.28 dd=30.63% -> 2025-05-13 15.93 rb=41.22%
003018,金富科技,2026-06-05,51.09,1,1,bottom_area,True,2026-05-29,70.84,2026-06-01,60.6,2026-06-04,49.25,2026-06-05,52.86,30.47713156408809,2026-06-05,52.86,7.329949238578679,3.736040609137063,7.329949238578679,3.736040609137063,2025-12-08 21.43 -> 2025-12-30 15.46 dd=27.86% -> 2026-01-23 18.70 rb=20.96%
603275,众辰科技,2026-06-05,41.72,1,1,bottom_area,False,2026-05-12,55.6,2026-05-14,51.6,2026-06-05,40.14,,,27.80575539568345,2026-06-05,42.85,6.751370204285005,3.936223218734426,6.751370204285005,3.936223218734426,2024-01-30 38.33 -> 2024-02-06 26.98 dd=29.61% -> 2024-02-28 37.28 rb=38.18%
002654,万润科技,2026-06-05,15.09,1,1,bottom_area,True,2026-05-21,20.1,2026-05-22,17.49,2026-06-02,14.5,2026-06-04,15.95,27.86069651741294,2026-06-04,15.95,9.999999999999995,4.068965517241378,9.999999999999995,4.068965517241378,2023-08-08 11.92 -> 2023-08-29 8.48 dd=28.86% -> 2023-09-08 11.52 rb=35.85%
300739,明阳电路,2026-06-05,29.46,1,1,bottom_area,False,2026-05-29,41.8,2026-06-01,31.41,2026-06-05,28.29,,,32.32057416267942,2026-06-05,30.49,7.776599505125484,4.135737009544014,7.776599505125484,4.135737009544014,2022-08-05 17.95 -> 2022-10-11 12.50 dd=30.36% -> 2022-11-18 15.03 rb=20.24%
301063,海锅股份,2026-06-05,19.78,1,1,bottom_area,False,2026-04-20,26.24,2026-04-24,24.1,2026-06-05,18.99,,,27.62957317073171,2026-06-05,20.0,5.318588730911014,4.160084254870999,5.318588730911014,4.160084254870999,2025-03-21 30.00 -> 2025-03-31 21.73 dd=27.57% -> 2025-04-02 26.26 rb=20.85%
300712,永福股份,2026-06-05,22.28,1,1,bottom_area,False,2026-04-21,29.33,2026-04-28,26.22,2026-06-05,21.39,,,27.07125809751108,2026-06-05,22.68,6.030855539971945,4.160822814399254,6.030855539971945,4.160822814399254,2024-07-11 22.72 -> 2024-08-09 16.18 dd=28.79% -> 2024-08-14 20.29 rb=25.40%
688084,晶品特装,2026-06-05,50.72,1,1,bottom_area,False,2026-05-11,72.06,2026-05-12,65.43,2026-06-05,48.66,,,32.47293921731891,2026-06-05,52.15,7.172215371968768,4.233456637895607,7.172215371968768,4.233456637895607,2025-08-25 100.20 -> 2025-09-04 71.80 dd=28.34% -> 2025-09-22 92.50 rb=28.83%
300746,汉嘉数智,2026-06-05,10.8,1,1,bottom_area,False,2026-05-11,14.6,2026-05-12,13.39,2026-06-05,10.35,,,29.10958904109589,2026-06-05,10.99,6.183574879227058,4.347826086956532,6.183574879227058,4.347826086956532,2022-02-25 19.48 -> 2022-03-09 14.17 dd=27.26% -> 2022-03-21 19.40 rb=36.91%
605286,同力天启,2026-06-05,32.01,1,1,bottom_area,False,2026-05-18,45.35,2026-05-20,40.66,2026-06-05,30.66,,,32.39250275633958,2026-06-05,32.75,6.816699282452706,4.403131115459876,6.816699282452706,4.403131115459876,2021-06-02 24.49 -> 2021-07-28 16.71 dd=31.77% -> 2021-08-16 21.80 rb=30.46%
301607,富特科技,2026-06-05,42.56,1,1,bottom_area,False,2026-05-29,57.57,2026-06-01,52.52,2026-06-04,40.75,,,29.21660587111343,2026-06-05,43.33,6.331288343558278,4.441717791411048,6.331288343558278,4.441717791411048,2024-09-04 59.67 -> 2024-09-05 42.91 dd=28.09% -> 2024-09-06 56.40 rb=31.44%
002218,拓日新能,2026-06-05,4.56,1,1,bottom_area,True,2026-05-14,6.46,2026-05-15,5.47,2026-06-02,4.36,2026-06-05,4.84,32.50773993808049,2026-06-05,4.84,11.00917431192659,4.587155963302736,11.00917431192659,4.587155963302736,2024-01-26 4.08 -> 2024-02-06 2.92 dd=28.43% -> 2024-02-28 4.06 rb=39.04%
688006,杭可科技,2026-06-05,31.66,1,1,bottom_area,False,2026-06-01,42.57,2026-06-02,35.4,2026-06-05,30.2,,,29.05802208127789,2026-06-05,33.35,10.43046357615895,4.834437086092718,10.43046357615895,4.834437086092718,2025-03-03 21.18 -> 2025-04-07 15.03 dd=29.04% -> 2025-05-14 18.07 rb=20.23%
688512,慧智微,2026-06-05,13.2,1,1,bottom_area,False,2026-05-25,17.89,2026-05-26,15.28,2026-06-05,12.58,,,29.68138624930129,2026-06-05,13.64,8.426073131955489,4.928457869634334,8.426073131955489,4.928457869634334,2025-03-06 11.50 -> 2025-04-07 7.74 dd=32.70% -> 2025-04-11 10.82 rb=39.79%
603178,圣龙股份,2026-06-05,17.37,6,6,just_rebound,False,2026-05-20,24.0,2026-05-21,19.31,2026-06-05,16.45,,,31.45833333333334,2026-06-05,17.71,7.659574468085116,5.592705167173262,7.659574468085116,5.592705167173262,2021-01-28 10.64 -> 2021-02-04 7.32 dd=31.20% -> 2021-02-24 8.93 rb=21.99%; 2023-11-23 55.50 -> 2023-11-27 38.69 dd=30.29% -> 2023-12-06 55.97 rb=44.66%; 2023-12-06 55.97 -> 2023-12-08 38.87 dd=30.55% -> 2023-12-12 48.00 rb=23.49%; 2024-12-17 23.50 -> 2025-01-08 16.34 dd=30.47% -> 2025-02-26 19.72 rb=20.69%; 2025-04-03 20.69 -> 2025-04-09 14.71 dd=28.90% -> 2025-04-24 21.70 rb=47.52%; 2026-04-22 23.19 -> 2026-04-27 16.30 dd=29.71% -> 2026-05-06 20.98 rb=28.71%
688010,福光股份,2026-06-05,36.65,3,3,just_rebound,True,2026-05-27,47.71,2026-05-28,43.85,2026-06-02,34.51,2026-06-04,37.17,27.66715573255084,2026-06-05,38.2,10.69255288322227,6.201101130107217,10.69255288322227,6.201101130107217,2022-03-24 24.40 -> 2022-04-27 16.75 dd=31.35% -> 2022-05-17 23.80 rb=42.09%; 2024-11-01 36.36 -> 2024-11-05 26.44 dd=27.28% -> 2024-11-06 31.96 rb=20.88%; 2024-11-12 41.90 -> 2024-11-18 29.07 dd=30.62% -> 2024-11-21 36.80 rb=26.59%
002407,多氟多,2026-06-05,33.2,2,2,just_rebound,False,2026-05-21,43.89,2026-05-22,40.24,2026-06-05,31.56,,,28.09295967190704,2026-06-05,34.15,8.206590621039291,5.19645120405578,8.206590621039291,5.19645120405578,2024-01-19 14.31 -> 2024-02-05 10.05 dd=29.77% -> 2024-02-08 13.86 rb=37.91%; 2025-11-17 41.99 -> 2025-11-24 30.51 dd=27.34% -> 2025-12-01 36.99 rb=21.24%
688148,芳源股份,2026-06-05,8.17,2,2,just_rebound,False,2026-05-13,11.14,2026-05-15,10.16,2026-06-05,7.75,,,30.43087971274686,2026-06-05,8.41,8.516129032258066,5.419354838709676,8.516129032258066,5.419354838709676,2022-04-19 19.29 -> 2022-04-28 13.50 dd=30.02% -> 2022-05-11 17.10 rb=26.67%; 2024-10-08 6.00 -> 2024-10-18 4.34 dd=27.67% -> 2024-10-29 5.35 rb=23.27%
002248,华东数控,2026-06-05,10.08,2,2,just_rebound,False,2026-05-07,14.05,2026-05-18,12.81,2026-06-05,9.56,,,31.95729537366548,2026-06-05,10.28,7.531380753138063,5.43933054393305,7.531380753138063,5.43933054393305,2021-12-28 10.15 -> 2022-01-28 7.35 dd=27.59% -> 2022-02-17 9.50 rb=29.25%; 2025-04-02 9.24 -> 2025-04-09 6.25 dd=32.36% -> 2025-05-14 9.21 rb=47.36%
688182,灿勤科技,2026-06-05,35.15,2,2,just_rebound,True,2026-05-20,46.6,2026-05-21,37.6,2026-06-04,33.3,2026-06-05,36.66,28.54077253218885,2026-06-05,36.66,10.09009009009009,5.55555555555556,10.09009009009009,5.55555555555556,2022-04-14 14.42 -> 2022-04-27 10.31 dd=28.50% -> 2022-05-11 12.80 rb=24.15%; 2023-04-20 23.39 -> 2023-05-11 16.66 dd=28.77% -> 2023-05-26 24.99 rb=50.00%
688283,坤恒顺维,2026-06-05,37.42,2,2,just_rebound,True,2026-05-18,49.97,2026-05-21,44.17,2026-06-02,35.4,2026-06-04,37.95,29.15749449669802,2026-06-05,38.19,7.881355932203387,5.706214689265546,7.881355932203387,5.706214689265546,2024-01-26 45.67 -> 2024-02-06 31.18 dd=31.73% -> 2024-02-08 44.99 rb=44.29%; 2025-03-10 29.15 -> 2025-04-07 20.60 dd=29.33% -> 2025-04-11 27.99 rb=35.87%
002413,雷科防务,2026-06-05,10.6,2,2,just_rebound,True,2026-05-08,14.26,2026-05-12,13.26,2026-06-02,10.02,2026-06-05,10.83,29.73352033660589,2026-06-05,10.83,8.083832335329348,5.788423153692616,8.083832335329348,5.788423153692616,2022-03-23 5.75 -> 2022-04-27 3.98 dd=30.78% -> 2022-05-24 5.13 rb=28.89%; 2025-03-12 5.32 -> 2025-04-09 3.83 dd=28.01% -> 2025-05-13 5.79 rb=51.17%
688290,景业智能,2026-06-05,59.8,2,2,just_rebound,False,2026-05-20,79.12,2026-05-21,70.95,2026-06-05,56.36,,,28.76643073811932,2026-06-05,61.65,9.3860894251242,6.103619588360536,9.3860894251242,6.103619588360536,2024-01-26 44.28 -> 2024-02-06 30.00 dd=32.25% -> 2024-02-19 41.49 rb=38.30%; 2025-04-02 55.88 -> 2025-04-09 39.10 dd=30.03% -> 2025-04-14 53.28 rb=36.27%
003038,鑫铂股份,2026-06-05,12.53,2,2,just_rebound,False,2026-04-16,17.26,2026-04-17,14.74,2026-06-05,11.76,,,31.86558516801854,2026-06-05,12.84,9.183673469387756,6.547619047619044,9.183673469387756,6.547619047619044,2025-03-27 23.27 -> 2025-04-09 15.76 dd=32.27% -> 2025-04-14 19.78 rb=25.51%; 2025-10-24 21.59 -> 2025-12-17 14.66 dd=32.10% -> 2026-01-26 18.99 rb=29.54%
688226,威腾电气,2026-06-05,47.5,2,2,just_rebound,True,2026-05-22,62.45,2026-05-26,53.21,2026-06-02,44.5,2026-06-04,49.2,28.74299439551642,2026-06-05,50.27,12.96629213483147,6.741573033707865,12.96629213483147,6.741573033707865,2023-07-13 21.90 -> 2023-08-25 15.35 dd=29.91% -> 2023-09-05 18.54 rb=20.78%; 2025-04-02 39.31 -> 2025-04-09 27.08 dd=31.11% -> 2025-04-14 35.50 rb=31.09%
002769,普路通,2026-06-05,8.01,1,1,just_rebound,True,2026-04-22,10.99,2026-04-23,10.05,2026-05-28,7.62,2026-06-02,8.16,30.66424021838035,2026-06-05,8.6,12.86089238845144,5.118110236220468,12.86089238845144,5.118110236220468,2025-03-19 7.99 -> 2025-04-09 5.49 dd=31.29% -> 2025-04-16 7.44 rb=35.52%
002324,普利特,2026-06-05,12.21,1,1,just_rebound,False,2026-05-11,16.2,2026-05-14,14.38,2026-06-05,11.61,,,28.33333333333333,2026-06-05,12.49,7.579672695951772,5.167958656330762,7.579672695951772,5.167958656330762,2024-01-25 10.00 -> 2024-02-06 7.05 dd=29.50% -> 2024-02-08 8.88 rb=25.96%
605598,上海港湾,2026-06-05,41.45,1,1,just_rebound,False,2026-05-25,56.2,2026-05-26,49.02,2026-06-05,39.41,,,29.87544483985766,2026-06-05,42.54,7.942146663283438,5.176351179903594,7.942146663283438,5.176351179903594,2026-01-12 77.39 -> 2026-01-21 56.05 dd=27.57% -> 2026-01-26 72.38 rb=29.13%
000935,四川双马,2026-06-05,26.26,1,1,just_rebound,False,2026-05-13,34.13,2026-05-18,31.46,2026-06-05,24.9,,,27.04365660709054,2026-06-05,27.38,9.959839357429722,5.461847389558245,9.959839357429722,5.461847389558245,2022-04-07 22.73 -> 2022-04-26 15.60 dd=31.37% -> 2022-06-08 22.42 rb=43.72%
300161,华中数控,2026-06-05,31.88,1,1,just_rebound,False,2026-05-15,42.5,2026-05-18,37.49,2026-06-05,30.18,,,28.98823529411765,2026-06-05,32.5,7.687210072895959,5.632869449966863,7.687210072895959,5.632869449966863,2026-03-11 37.48 -> 2026-03-23 26.82 dd=28.44% -> 2026-05-07 40.60 rb=51.38%
300485,赛升药业,2026-06-05,8.93,1,1,just_rebound,True,2026-04-28,12.14,2026-04-29,10.81,2026-05-27,8.45,2026-05-29,9.05,30.39538714991764,2026-06-01,9.11,7.810650887573967,5.68047337278107,7.810650887573967,5.68047337278107,2024-01-26 9.54 -> 2024-02-06 6.53 dd=31.55% -> 2024-02-28 8.81 rb=34.92%
300616,尚品宅配,2026-06-05,14.18,1,1,just_rebound,False,2026-05-22,18.48,2026-05-25,16.8,2026-06-05,13.38,,,27.59740259740259,2026-06-05,14.71,9.940209267563528,5.979073243647226,9.940209267563528,5.979073243647226,2025-03-14 14.28 -> 2025-04-07 10.08 dd=29.41% -> 2025-04-14 12.78 rb=26.79%
002009,天奇股份,2026-06-05,21.92,1,1,just_rebound,False,2026-05-19,28.99,2026-05-20,26.01,2026-06-05,20.65,,,28.7685408761642,2026-06-05,22.54,9.152542372881358,6.150121065375318,9.152542372881358,6.150121065375318,2023-02-09 16.89 -> 2023-04-26 11.32 dd=32.98% -> 2023-06-26 16.39 rb=44.79%
